data,total
01/08/2024 08:31,44
01/08/2024 08:57,17.6
01/08/2024 08:58,8.8
01/08/2024 09:01,24.09
01/08/2024 09:05,15.4
01/08/2024 09:13,26.29
01/08/2024 09:16,25.3
01/08/2024 09:16,28.6
01/08/2024 09:41,49.28
01/08/2024 10:01,26.4
01/08/2024 10:02,70.29
01/08/2024 10:09,28.49
01/08/2024 10:31,19.8
01/08/2024 12:13,49.5
01/08/2024 13:57,29.7
01/08/2024 15:51,19.8
01/08/2024 15:51,29.7
01/08/2024 16:16,38.5
01/08/2024 16:17,67.1
01/08/2024 16:57,38.5
01/08/2024 17:01,22
01/08/2024 17:03,40.7
01/08/2024 17:03,23.1
01/08/2024 17:04,16.5
01/08/2024 17:15,25.3
01/08/2024 17:17,33
01/08/2024 17:19,30.8
01/08/2024 17:52,18.7
01/08/2024 17:53,25.3
01/08/2024 18:05,37.4
01/08/2024 18:06,46.2
01/08/2024 18:14,61
01/08/2024 18:15,19.8
01/08/2024 18:16,86.68
01/08/2024 18:34,18.7
01/08/2024 19:04,59.4
01/08/2024 19:04,74.8
01/08/2024 19:18,42.9
01/08/2024 19:25,41.8
01/08/2024 19:25,53.9
01/08/2024 19:33,14.3
02/08/2024 07:40,48.4
02/08/2024 07:59,20.79
02/08/2024 08:21,99.88
02/08/2024 08:34,41.8
02/08/2024 09:16,36.3
02/08/2024 09:55,16.5
02/08/2024 09:55,32.89
02/08/2024 10:21,27.5
02/08/2024 10:22,20.9
02/08/2024 10:22,30.8
02/08/2024 10:25,48.4
02/08/2024 10:32,19.69
02/08/2024 10:39,8.8
02/08/2024 10:39,18.7
02/08/2024 10:40,16.5
02/08/2024 12:28,33
02/08/2024 12:29,17.6
02/08/2024 12:29,16.5
02/08/2024 12:30,14.3
02/08/2024 12:48,78.1
02/08/2024 12:49,30.8
02/08/2024 13:04,18.7
02/08/2024 15:41,51
02/08/2024 16:32,84.7
02/08/2024 16:59,47
02/08/2024 17:05,33
02/08/2024 17:25,69.3
02/08/2024 17:26,64.9
02/08/2024 18:14,28.6
02/08/2024 18:21,17.6
02/08/2024 18:34,39.6
02/08/2024 18:35,70.8
02/08/2024 18:42,55
02/08/2024 18:52,71.39
02/08/2024 19:21,79.09
02/08/2024 19:35,66
02/08/2024 19:58,24.09
02/08/2024 20:38,44
03/08/2024 07:35,16.5
03/08/2024 07:41,14.3
03/08/2024 08:07,102.08
03/08/2024 08:46,24.2
03/08/2024 08:47,13.2
03/08/2024 08:47,45.1
03/08/2024 08:49,59.4
03/08/2024 09:04,28.49
03/08/2024 09:05,28.6
03/08/2024 09:05,63.69
03/08/2024 09:05,11
03/08/2024 09:36,72.6
03/08/2024 09:37,41.8
03/08/2024 09:40,11
03/08/2024 09:52,41.8
03/08/2024 09:53,64.9
03/08/2024 09:54,46.2
03/08/2024 10:13,30.69
03/08/2024 10:31,16.5
03/08/2024 10:35,47.3
03/08/2024 10:55,6.6
03/08/2024 10:55,75.9
03/08/2024 10:56,57.2
03/08/2024 11:37,27.5
03/08/2024 11:38,35.2
03/08/2024 13:43,41
03/08/2024 14:37,61.6
03/08/2024 16:41,17.6
03/08/2024 16:41,46.2
03/08/2024 17:20,26.4
03/08/2024 17:25,52.8
03/08/2024 17:46,25.3
03/08/2024 17:52,60.5
03/08/2024 17:52,60.5
03/08/2024 17:53,19.8
03/08/2024 17:53,12.1
03/08/2024 17:56,55.99
03/08/2024 18:04,34.1
03/08/2024 18:08,75.9
03/08/2024 19:04,63.8
04/08/2024 07:19,52
04/08/2024 07:20,101
04/08/2024 08:11,91.08
04/08/2024 08:18,33
04/08/2024 08:19,30.8
04/08/2024 08:21,30.8
04/08/2024 08:38,21.9
04/08/2024 08:45,63.8
04/08/2024 08:49,59.4
04/08/2024 08:49,58.3
04/08/2024 09:00,42.9
04/08/2024 09:13,108.68
04/08/2024 09:20,59.18
04/08/2024 09:25,101.2
04/08/2024 09:29,7.7
04/08/2024 09:30,28.6
04/08/2024 09:31,36.19
04/08/2024 09:31,16.5
04/08/2024 10:42,22
04/08/2024 11:35,42.79
04/08/2024 12:01,16.5
04/08/2024 12:03,19.8
04/08/2024 12:12,42.9
04/08/2024 12:14,55
04/08/2024 12:24,38.5
04/08/2024 12:29,36.19
06/08/2024 07:28,52.8
06/08/2024 07:42,21.89
06/08/2024 07:53,15.4
06/08/2024 07:58,16.5
06/08/2024 08:34,26.4
06/08/2024 08:53,50.6
06/08/2024 09:21,37.4
06/08/2024 09:36,14.3
06/08/2024 10:44,51
06/08/2024 11:11,42.9
06/08/2024 12:46,35.2
06/08/2024 14:31,88
06/08/2024 15:53,62.48
06/08/2024 15:54,38.5
06/08/2024 15:59,50.6
06/08/2024 16:25,36.3
06/08/2024 16:25,17.6
06/08/2024 16:26,75.9
06/08/2024 16:32,47.3
06/08/2024 16:48,19.8
06/08/2024 16:58,18.7
06/08/2024 17:11,27.5
06/08/2024 17:15,61.6
06/08/2024 17:21,50.6
06/08/2024 17:44,73.7
06/08/2024 17:47,44
06/08/2024 18:26,27.5
06/08/2024 18:28,19.8
06/08/2024 18:37,64.9
06/08/2024 18:42,29.7
06/08/2024 18:42,47.3
06/08/2024 19:01,44
06/08/2024 19:22,57.09
06/08/2024 19:29,68.09
06/08/2024 19:30,42.9
07/08/2024 07:19,29.59
07/08/2024 07:47,28.6
07/08/2024 08:35,17.6
07/08/2024 08:36,19.8
07/08/2024 08:48,25.3
07/08/2024 08:53,16.5
07/08/2024 08:56,18.59
07/08/2024 09:39,39.6
07/08/2024 10:48,23.9
07/08/2024 11:02,19.8
07/08/2024 12:19,99
07/08/2024 12:33,12.1
07/08/2024 13:20,40.59
07/08/2024 14:01,24.9
07/08/2024 14:22,24.2
07/08/2024 15:36,17.6
07/08/2024 15:50,53.79
07/08/2024 16:22,36.3
07/08/2024 16:31,52.8
07/08/2024 16:34,69.3
07/08/2024 16:42,48.4
07/08/2024 16:42,28.6
07/08/2024 16:48,39.6
07/08/2024 16:54,25.3
07/08/2024 17:13,27.5
07/08/2024 17:13,28.49
07/08/2024 17:14,28.6
07/08/2024 17:21,19.8
07/08/2024 17:21,33
07/08/2024 17:24,61.6
07/08/2024 17:26,48.4
07/08/2024 17:37,25.3
07/08/2024 17:43,82.5
07/08/2024 17:50,18.7
07/08/2024 17:56,61.6
07/08/2024 17:57,22
07/08/2024 17:57,41.8
07/08/2024 18:02,8.8
07/08/2024 18:15,26.4
07/08/2024 18:18,47.3
07/08/2024 18:19,35.2
07/08/2024 18:20,39.6
07/08/2024 18:33,40.7
07/08/2024 18:48,47.3
07/08/2024 18:52,163.35
07/08/2024 19:08,17.6
07/08/2024 19:32,14.3
08/08/2024 07:59,24.2
08/08/2024 08:00,8.8
08/08/2024 08:06,9.9
08/08/2024 08:21,29.59
08/08/2024 08:22,14.3
08/08/2024 08:26,61.49
08/08/2024 09:08,35.2
08/08/2024 09:10,33.99
08/08/2024 09:10,21.89
08/08/2024 09:11,29.7
08/08/2024 09:13,24.2
08/08/2024 09:15,24.2
08/08/2024 09:22,24.2
08/08/2024 09:30,24.2
08/08/2024 09:31,35.2
08/08/2024 09:44,20
08/08/2024 10:04,14.3
08/08/2024 10:15,16.5
08/08/2024 10:26,36.19
08/08/2024 12:56,69.19
08/08/2024 13:57,40.7
08/08/2024 13:59,35.2
08/08/2024 14:02,60.5
08/08/2024 14:22,47.3
08/08/2024 14:38,5.5
08/08/2024 14:43,20.9
08/08/2024 14:43,19.8
08/08/2024 16:22,52.8
08/08/2024 16:22,24.2
08/08/2024 16:49,16.5
08/08/2024 16:50,25.3
08/08/2024 17:03,74.8
08/08/2024 17:05,34.1
08/08/2024 17:10,46.2
08/08/2024 17:14,71.39
08/08/2024 17:22,17.6
08/08/2024 18:00,44
08/08/2024 18:09,60.5
08/08/2024 18:24,52.8
08/08/2024 18:28,82.5
08/08/2024 18:30,49.5
08/08/2024 18:58,44
08/08/2024 19:19,16.5
08/08/2024 19:49,50.6
08/08/2024 19:58,51.7
09/08/2024 07:59,26.4
09/08/2024 07:59,22.99
09/08/2024 08:03,21.89
09/08/2024 08:05,8.8
09/08/2024 08:16,20.9
09/08/2024 08:21,25
09/08/2024 08:22,10
09/08/2024 08:23,44
09/08/2024 08:24,13.2
09/08/2024 08:25,17
09/08/2024 08:26,102.19
09/08/2024 08:28,62.7
09/08/2024 08:38,13.2
09/08/2024 08:48,27.39
09/08/2024 08:49,30.69
09/08/2024 08:50,8
09/08/2024 08:56,80
09/08/2024 09:02,13
09/08/2024 09:08,33
09/08/2024 09:17,16
09/08/2024 09:18,18
09/08/2024 09:26,19.8
09/08/2024 09:27,12.1
09/08/2024 10:02,10
09/08/2024 10:17,20.9
09/08/2024 10:41,20
09/08/2024 10:43,24
09/08/2024 11:05,80
09/08/2024 11:07,18.7
09/08/2024 11:15,14
09/08/2024 11:16,17
09/08/2024 11:19,7
09/08/2024 12:08,149
09/08/2024 13:32,27.5
09/08/2024 13:33,27.5
09/08/2024 13:36,25
09/08/2024 13:48,5
09/08/2024 13:53,13
09/08/2024 13:56,8
09/08/2024 15:06,71
09/08/2024 15:14,16.5
09/08/2024 15:34,30.69
09/08/2024 15:38,13.09
09/08/2024 15:39,25.3
09/08/2024 16:35,33
09/08/2024 16:36,36.3
09/08/2024 16:36,22
09/08/2024 17:03,49.5
09/08/2024 17:51,26.4
09/08/2024 18:15,25.3
09/08/2024 18:16,30.8
09/08/2024 18:17,92.18
09/08/2024 19:19,99
09/08/2024 19:19,75.9
09/08/2024 19:36,141.79
10/08/2024 07:40,52.8
10/08/2024 07:51,45.1
10/08/2024 07:52,79.2
10/08/2024 08:13,39
10/08/2024 08:21,20.9
10/08/2024 08:31,5
10/08/2024 08:36,12.1
10/08/2024 08:36,74.8
10/08/2024 08:36,15.4
10/08/2024 08:37,30
10/08/2024 08:44,49.39
10/08/2024 08:57,10
10/08/2024 08:59,26
10/08/2024 09:04,105.6
10/08/2024 09:20,126.39
10/08/2024 09:28,26
10/08/2024 09:34,20
10/08/2024 09:58,38.5
10/08/2024 10:00,18.7
10/08/2024 10:02,37.29
10/08/2024 10:07,66
10/08/2024 10:09,51.59
10/08/2024 10:11,90.2
10/08/2024 10:20,34.1
10/08/2024 10:21,23.1
10/08/2024 10:23,48.18
10/08/2024 10:29,38.39
10/08/2024 11:07,82.39
10/08/2024 11:09,33
10/08/2024 11:18,11
10/08/2024 11:25,16.5
10/08/2024 11:28,40.7
10/08/2024 11:31,55
10/08/2024 11:55,6
10/08/2024 12:00,8
10/08/2024 12:07,26
10/08/2024 12:12,59.4
10/08/2024 12:15,16
10/08/2024 12:16,20
10/08/2024 14:47,58
10/08/2024 16:12,75.68
10/08/2024 16:20,26
10/08/2024 16:52,44
10/08/2024 17:29,75.9
10/08/2024 17:41,44
10/08/2024 17:42,33
10/08/2024 18:21,16.5
10/08/2024 18:33,35.2
10/08/2024 18:36,17.6
10/08/2024 18:37,22
10/08/2024 18:39,26.4
10/08/2024 18:57,82.5
10/08/2024 19:04,48
11/08/2024 07:43,14.3
11/08/2024 07:46,14.3
11/08/2024 07:55,45
11/08/2024 08:04,14.3
11/08/2024 08:04,18.7
11/08/2024 08:21,66.88
11/08/2024 08:24,90.09
11/08/2024 08:29,74.8
11/08/2024 08:39,39.6
11/08/2024 09:04,37.29
11/08/2024 09:10,42.9
11/08/2024 09:13,26.29
11/08/2024 09:26,74.8
11/08/2024 09:28,59.4
11/08/2024 09:35,84.59
11/08/2024 09:40,50.8
11/08/2024 09:40,23.1
11/08/2024 09:49,35.09
11/08/2024 09:57,39.6
11/08/2024 10:07,41.8
11/08/2024 10:07,57.2
11/08/2024 10:09,82.5
11/08/2024 10:10,29.48
11/08/2024 10:12,52.58
11/08/2024 10:28,25.3
11/08/2024 10:37,31.9
11/08/2024 10:39,41.8
11/08/2024 10:40,30.8
11/08/2024 10:47,56.1
11/08/2024 10:56,174.46
11/08/2024 11:03,35.2
11/08/2024 11:08,25.3
11/08/2024 11:28,48.4
11/08/2024 11:29,26.4
11/08/2024 12:34,25.3
11/08/2024 12:45,25.3
11/08/2024 12:52,27.5
13/08/2024 18:18,33
13/08/2024 18:21,31.9
13/08/2024 18:23,80.3
13/08/2024 18:28,39.6
13/08/2024 18:30,18.7
13/08/2024 18:39,78.1
13/08/2024 18:55,18.9
13/08/2024 18:56,10
13/08/2024 19:01,12.1
13/08/2024 19:09,58.3
14/08/2024 07:36,19.8
14/08/2024 07:36,53.9
14/08/2024 07:40,42.79
14/08/2024 08:11,39.6
14/08/2024 08:15,13.2
14/08/2024 08:46,15.4
14/08/2024 08:54,8.8
14/08/2024 08:54,91.19
14/08/2024 09:31,39.6
14/08/2024 09:32,15.4
14/08/2024 09:46,42.9
14/08/2024 09:47,28.49
14/08/2024 09:56,8
14/08/2024 09:57,8
14/08/2024 12:39,33
14/08/2024 13:20,98
14/08/2024 13:37,22
14/08/2024 13:46,20.9
14/08/2024 14:34,20.9
14/08/2024 14:44,18.7
14/08/2024 15:31,49
14/08/2024 15:36,39.6
14/08/2024 15:59,53.9
14/08/2024 16:13,30.8
14/08/2024 16:14,18.7
14/08/2024 16:22,7.7
14/08/2024 16:59,70.4
14/08/2024 16:59,71.5
14/08/2024 18:09,105.38
14/08/2024 18:34,20.9
14/08/2024 18:37,52.8
14/08/2024 18:49,83.6
14/08/2024 19:02,108
14/08/2024 19:09,80
14/08/2024 19:15,84.7
14/08/2024 19:17,70.4
14/08/2024 19:40,52.8
14/08/2024 19:41,72.49
15/08/2024 07:31,11
15/08/2024 07:38,37.4
15/08/2024 07:39,71.5
15/08/2024 07:41,24.09
15/08/2024 07:52,17.6
15/08/2024 08:53,14.3
15/08/2024 08:53,35.2
15/08/2024 09:03,14.3
15/08/2024 09:11,14.3
15/08/2024 09:34,34.1
15/08/2024 09:36,16.5
15/08/2024 09:36,17.6
15/08/2024 09:37,19.8
15/08/2024 10:57,45.98
15/08/2024 11:15,44
15/08/2024 12:32,16.5
15/08/2024 13:11,67
15/08/2024 15:28,23.1
15/08/2024 15:34,82.5
15/08/2024 15:42,50.6
15/08/2024 15:49,49.28
15/08/2024 15:51,128.7
15/08/2024 15:52,36.3
15/08/2024 15:56,44
15/08/2024 16:11,59.4
15/08/2024 16:23,79.2
15/08/2024 16:25,68.2
15/08/2024 16:51,24.2
15/08/2024 17:01,48
15/08/2024 17:12,59.29
15/08/2024 17:17,32
15/08/2024 17:18,48.4
15/08/2024 17:18,13.2
15/08/2024 17:21,16.5
15/08/2024 17:28,48.29
15/08/2024 17:30,46.2
15/08/2024 17:31,55
15/08/2024 17:49,30.8
15/08/2024 17:50,33
15/08/2024 18:06,12
15/08/2024 18:08,27.5
15/08/2024 18:08,28.6
15/08/2024 18:29,52.8
15/08/2024 18:33,27.5
15/08/2024 18:36,27
15/08/2024 18:54,47.3
15/08/2024 19:22,18.7
16/08/2024 07:45,62.7
16/08/2024 07:53,13.2
16/08/2024 07:54,18.7
16/08/2024 08:00,12.1
16/08/2024 08:07,93.28
16/08/2024 08:09,18.59
16/08/2024 08:13,16.5
16/08/2024 08:13,8.8
16/08/2024 08:15,54.89
16/08/2024 08:15,11.99
16/08/2024 08:32,18.7
16/08/2024 08:33,55
16/08/2024 08:35,34.1
16/08/2024 08:38,25.19
16/08/2024 08:38,17.6
16/08/2024 08:52,30.8
16/08/2024 08:56,23.1
16/08/2024 09:03,45.98
16/08/2024 10:22,61.6
16/08/2024 10:27,17
16/08/2024 10:46,27.5
16/08/2024 10:50,29.9
16/08/2024 11:09,30.8
16/08/2024 11:10,40.7
16/08/2024 12:23,25.3
16/08/2024 12:25,26.29
16/08/2024 13:54,23.1
16/08/2024 13:54,19.8
16/08/2024 14:03,52.8
16/08/2024 14:41,24.2
16/08/2024 15:11,28.6
16/08/2024 15:14,33
16/08/2024 15:24,15.4
16/08/2024 16:21,25.3
16/08/2024 16:22,70.4
16/08/2024 16:34,16.5
16/08/2024 16:36,55
16/08/2024 16:39,74.8
16/08/2024 17:01,106.7
16/08/2024 17:21,44
16/08/2024 17:26,12.1
16/08/2024 17:27,55
16/08/2024 17:37,17.6
16/08/2024 17:39,31.9
16/08/2024 18:09,32
16/08/2024 18:12,58.3
16/08/2024 18:13,15.4
16/08/2024 18:14,61.6
16/08/2024 18:14,36.3
16/08/2024 18:19,34.1
16/08/2024 18:25,37.4
16/08/2024 18:42,36.08
16/08/2024 19:24,33
16/08/2024 19:56,92.4
16/08/2024 20:13,33.99
16/08/2024 20:50,25
17/08/2024 07:29,18.7
17/08/2024 08:02,27.39
17/08/2024 08:09,8.8
17/08/2024 08:21,25.3
17/08/2024 08:28,29.7
17/08/2024 08:28,71.5
17/08/2024 08:31,94.49
17/08/2024 08:31,58.3
17/08/2024 08:51,78.98
17/08/2024 08:55,21.78
17/08/2024 09:08,41.8
17/08/2024 09:14,51.59
17/08/2024 09:14,23.1
17/08/2024 09:15,83.38
17/08/2024 09:16,32.78
17/08/2024 09:33,14.3
17/08/2024 09:37,24.09
17/08/2024 09:45,70.4
17/08/2024 09:48,20.79
17/08/2024 09:56,61.38
17/08/2024 10:05,71.5
17/08/2024 10:05,41.58
17/08/2024 10:09,25.3
17/08/2024 10:32,25.3
17/08/2024 10:33,20.9
17/08/2024 10:46,49.5
17/08/2024 10:56,18.7
17/08/2024 11:05,58.3
17/08/2024 11:32,52
17/08/2024 11:32,74.8
17/08/2024 11:57,17.6
17/08/2024 11:58,83.6
17/08/2024 12:58,25.3
17/08/2024 13:15,13.2
17/08/2024 16:04,62.8
17/08/2024 16:28,16.5
17/08/2024 17:07,12.1
17/08/2024 18:05,42.9
17/08/2024 18:06,25.19
17/08/2024 18:12,45.1
17/08/2024 18:13,42.9
17/08/2024 18:27,64.9
17/08/2024 19:25,38.5
18/08/2024 07:28,60.28
18/08/2024 08:10,72.6
18/08/2024 09:46,23.1
18/08/2024 09:54,16.5
18/08/2024 09:56,17.49
18/08/2024 10:09,8.8
18/08/2024 10:09,98.67
18/08/2024 10:32,48.4
18/08/2024 10:32,50.49
18/08/2024 10:34,124.19
18/08/2024 10:38,96.47
18/08/2024 10:39,3.3
18/08/2024 11:01,32.78
18/08/2024 11:02,61.6
18/08/2024 11:26,31.68
20/08/2024 07:52,66
20/08/2024 07:59,20.9
20/08/2024 08:48,8.8
20/08/2024 09:08,19.8
20/08/2024 09:10,29.7
20/08/2024 09:17,25.3
20/08/2024 09:28,27.5
20/08/2024 09:32,8.8
20/08/2024 09:55,17.6
20/08/2024 10:19,18.59
20/08/2024 10:37,19.8
20/08/2024 11:09,28.49
20/08/2024 14:48,26.4
20/08/2024 15:16,25.3
20/08/2024 15:37,18
20/08/2024 16:15,22
20/08/2024 16:27,90.2
20/08/2024 16:42,28
20/08/2024 16:45,16.5
20/08/2024 17:01,94.6
20/08/2024 17:12,27.5
20/08/2024 17:12,23.1
20/08/2024 17:13,38.5
20/08/2024 17:14,39.6
20/08/2024 17:18,42.9
20/08/2024 17:26,38.5
20/08/2024 17:29,30.8
20/08/2024 17:57,66
20/08/2024 18:01,27.5
20/08/2024 18:14,25.3
20/08/2024 18:15,27.5
20/08/2024 18:19,18.7
20/08/2024 18:56,37.4
20/08/2024 18:56,37.4
20/08/2024 19:01,75.9
20/08/2024 19:26,30.8
21/08/2024 07:48,56.1
21/08/2024 08:13,8.8
21/08/2024 08:47,33
21/08/2024 09:06,41.8
21/08/2024 09:06,18.7
21/08/2024 09:07,33
21/08/2024 09:13,25.19
21/08/2024 09:13,11
21/08/2024 09:18,16.5
21/08/2024 09:21,27.5
21/08/2024 09:21,23.1
21/08/2024 09:29,20.9
21/08/2024 09:29,20.9
21/08/2024 09:40,84.48
21/08/2024 10:08,35.09
21/08/2024 10:41,49.28
21/08/2024 11:06,41
21/08/2024 11:08,51
21/08/2024 11:25,20.9
21/08/2024 11:25,29.7
21/08/2024 12:39,23.1
21/08/2024 12:40,34.1
21/08/2024 12:41,27.5
21/08/2024 12:58,34
21/08/2024 15:53,27.5
21/08/2024 16:27,16.5
21/08/2024 16:38,19.8
21/08/2024 16:38,65.89
21/08/2024 16:48,25.3
21/08/2024 16:49,27.5
21/08/2024 16:49,7.7
21/08/2024 16:56,7.7
21/08/2024 17:16,28.6
21/08/2024 17:16,30.8
21/08/2024 17:19,17.6
21/08/2024 17:38,33
21/08/2024 18:29,40.7
21/08/2024 18:30,75.9
21/08/2024 18:32,68.09
21/08/2024 18:42,25.3
21/08/2024 19:18,28.6
21/08/2024 19:29,39.49
21/08/2024 19:57,58.19
21/08/2024 20:00,39.49
22/08/2024 08:06,23.1
22/08/2024 08:08,14.3
22/08/2024 08:09,48.4
22/08/2024 08:30,8.8
22/08/2024 08:31,35.75
22/08/2024 08:32,45.1
22/08/2024 08:39,37.4
22/08/2024 09:08,30.8
22/08/2024 09:28,31.9
22/08/2024 09:34,17.49
22/08/2024 10:11,12.1
22/08/2024 10:12,11
22/08/2024 10:23,17.6
22/08/2024 10:25,16.5
22/08/2024 10:29,24.2
22/08/2024 10:29,24.2
22/08/2024 10:53,22
22/08/2024 10:55,15.4
22/08/2024 11:04,4.4
22/08/2024 12:39,86
22/08/2024 12:39,20
22/08/2024 12:43,11
22/08/2024 13:22,33
22/08/2024 15:11,35.2
22/08/2024 15:32,39.6
22/08/2024 16:18,35.2
22/08/2024 16:19,15.4
22/08/2024 16:30,51.7
22/08/2024 16:45,83.49
22/08/2024 16:56,50.6
22/08/2024 16:56,25.3
22/08/2024 17:02,24.09
22/08/2024 17:09,36.3
22/08/2024 17:13,25.3
22/08/2024 17:14,30.8
22/08/2024 17:24,61.6
22/08/2024 17:30,46.2
22/08/2024 18:05,40.7
22/08/2024 18:08,52.8
22/08/2024 18:09,67.98
22/08/2024 18:11,8.8
22/08/2024 18:13,133.1
22/08/2024 18:16,72.6
22/08/2024 18:17,92.29
22/08/2024 18:18,37.4
22/08/2024 18:28,48.4
22/08/2024 18:29,13.2
22/08/2024 18:36,77
22/08/2024 18:40,36.3
22/08/2024 18:52,38.5
22/08/2024 18:55,57.2
22/08/2024 19:08,18.7
22/08/2024 19:33,52.8
23/08/2024 07:24,28.49
23/08/2024 08:09,25.3
23/08/2024 08:13,36.3
23/08/2024 08:15,24.2
23/08/2024 08:15,77
23/08/2024 08:23,17.6
23/08/2024 08:24,70.4
23/08/2024 08:37,8.8
23/08/2024 09:01,14.3
23/08/2024 09:15,15.4
23/08/2024 09:18,26.4
23/08/2024 09:18,33
23/08/2024 09:22,16.5
23/08/2024 09:28,91.08
23/08/2024 09:36,18.7
23/08/2024 09:50,64.68
23/08/2024 09:55,65.89
23/08/2024 10:30,16.5
23/08/2024 10:31,16.5
23/08/2024 10:46,14.3
23/08/2024 10:46,14.3
23/08/2024 10:46,19.8
23/08/2024 11:16,6.6
23/08/2024 12:51,23.1
23/08/2024 12:51,13.2
23/08/2024 13:33,68.2
23/08/2024 15:11,7
23/08/2024 16:43,49
23/08/2024 17:06,24
23/08/2024 17:08,33
23/08/2024 17:20,18.7
23/08/2024 17:30,42.79
23/08/2024 17:31,22
23/08/2024 17:33,33
23/08/2024 17:37,16.5
23/08/2024 17:48,14
23/08/2024 17:58,30.8
23/08/2024 17:58,77
23/08/2024 18:00,49.5
23/08/2024 18:02,55
23/08/2024 18:09,19.8
23/08/2024 18:27,77
23/08/2024 18:28,25.3
23/08/2024 18:57,27.5
23/08/2024 19:03,45.1
23/08/2024 19:05,27.5
23/08/2024 19:06,62.7
23/08/2024 19:08,28.6
23/08/2024 19:11,64.9
23/08/2024 19:11,55.99
23/08/2024 19:16,19.8
23/08/2024 19:45,78.1
24/08/2024 07:44,49.5
24/08/2024 07:46,29.7
24/08/2024 07:47,92.29
24/08/2024 07:48,59.29
24/08/2024 07:50,40.48
24/08/2024 07:52,89.1
24/08/2024 08:04,57.09
24/08/2024 08:09,114.62
24/08/2024 08:29,42.79
24/08/2024 08:45,105.27
24/08/2024 08:57,60.39
24/08/2024 08:58,67.1
24/08/2024 08:58,211.09
24/08/2024 09:05,28.6
24/08/2024 09:13,27.5
24/08/2024 09:13,86.57
24/08/2024 09:19,115.5
24/08/2024 09:36,19.8
24/08/2024 09:36,29.7
24/08/2024 09:37,56.1
24/08/2024 09:39,86.9
24/08/2024 09:50,12.1
24/08/2024 09:57,42.9
24/08/2024 10:16,64.9
24/08/2024 10:20,59.4
24/08/2024 10:40,59.4
24/08/2024 10:46,24.2
24/08/2024 10:55,67.1
24/08/2024 11:04,45.1
24/08/2024 11:33,14
24/08/2024 11:40,51.7
24/08/2024 11:44,24.2
24/08/2024 11:59,43.78
24/08/2024 12:02,35.2
24/08/2024 12:36,18
24/08/2024 12:36,8
24/08/2024 12:45,27
24/08/2024 13:51,41.69
24/08/2024 14:29,24.2
24/08/2024 15:09,22
24/08/2024 16:23,25.3
24/08/2024 16:33,42.9
24/08/2024 16:50,79.2
24/08/2024 16:55,27.5
24/08/2024 16:56,51.7
24/08/2024 17:07,58.3
24/08/2024 17:11,24.2
24/08/2024 17:19,50
24/08/2024 17:23,47.3
24/08/2024 17:47,74.69
24/08/2024 17:59,16.5
24/08/2024 18:11,44.77
24/08/2024 18:12,48.4
24/08/2024 18:14,28.6
24/08/2024 18:50,46.2
25/08/2024 07:46,25.3
25/08/2024 07:57,38.5
25/08/2024 08:37,28.49
25/08/2024 08:37,35.2
25/08/2024 08:38,51.7
25/08/2024 08:38,17.6
25/08/2024 08:53,22
25/08/2024 09:14,31.9
25/08/2024 09:16,49.5
25/08/2024 09:23,23.1
25/08/2024 10:14,57.2
25/08/2024 10:14,27.39
25/08/2024 10:14,29.59
25/08/2024 10:30,32.78
25/08/2024 10:42,62.7
25/08/2024 10:49,46.2
25/08/2024 11:00,35.2
25/08/2024 11:02,30.8
25/08/2024 11:24,130.79
25/08/2024 11:25,73.7
27/08/2024 08:07,27.5
27/08/2024 08:22,19.8
27/08/2024 09:00,15.4
27/08/2024 09:09,12.1
27/08/2024 09:10,10
27/08/2024 09:42,12.1
27/08/2024 10:13,16.5
27/08/2024 10:14,25.3
27/08/2024 10:16,12.1
27/08/2024 10:17,8.8
27/08/2024 10:24,17.6
27/08/2024 11:23,25.3
27/08/2024 14:09,16.5
27/08/2024 14:30,23.1
27/08/2024 15:58,27.5
27/08/2024 16:19,26.4
27/08/2024 16:19,31.9
27/08/2024 16:46,72.6
27/08/2024 16:52,25.3
27/08/2024 17:01,44
27/08/2024 17:58,37.4
27/08/2024 18:00,13.2
27/08/2024 18:13,32.45
27/08/2024 19:22,97.9
27/08/2024 19:26,44
27/08/2024 19:28,62.59
28/08/2024 07:28,51.15
28/08/2024 07:49,14.3
28/08/2024 07:50,56.1
28/08/2024 07:50,30.8
28/08/2024 07:50,9.9
28/08/2024 07:56,24.09
28/08/2024 08:08,28.6
28/08/2024 08:21,18.7
28/08/2024 09:01,8.8
28/08/2024 09:07,63.58
28/08/2024 09:08,99.88
28/08/2024 09:23,19.69
28/08/2024 09:23,16.5
28/08/2024 09:24,8.8
28/08/2024 09:28,19.8
28/08/2024 09:32,28.6
28/08/2024 09:50,8.8
28/08/2024 09:51,29.7
28/08/2024 09:52,27.5
28/08/2024 09:53,20.9
28/08/2024 09:54,9.35
28/08/2024 10:05,29.7
28/08/2024 10:31,15.4
28/08/2024 11:44,23.9
28/08/2024 12:32,9.9
28/08/2024 12:33,15.4
28/08/2024 13:25,15
28/08/2024 14:30,42
28/08/2024 14:59,31.9
28/08/2024 15:29,52.8
28/08/2024 15:31,15.4
28/08/2024 16:24,46
28/08/2024 16:57,47.3
28/08/2024 17:05,53.9
28/08/2024 17:15,25.3
28/08/2024 17:20,37.4
28/08/2024 17:21,39.6
28/08/2024 18:32,96
28/08/2024 18:40,18.7
28/08/2024 18:43,59.18
28/08/2024 18:57,60.5
28/08/2024 19:13,30.8
28/08/2024 19:26,40.7
29/08/2024 07:44,6.6
29/08/2024 07:45,35.2
29/08/2024 08:18,15.4
29/08/2024 08:19,12.1
29/08/2024 08:32,57.2
29/08/2024 08:55,19.8
29/08/2024 08:57,16.5
29/08/2024 09:12,19.8
29/08/2024 09:16,25.3
29/08/2024 09:22,61.49
29/08/2024 09:32,37.29
29/08/2024 09:54,78.1
29/08/2024 09:55,27.39
29/08/2024 09:59,37.4
29/08/2024 10:02,63.8
29/08/2024 10:08,25.3
29/08/2024 10:30,41.8
29/08/2024 10:34,22
29/08/2024 10:35,16.5
29/08/2024 10:57,53.9
29/08/2024 10:58,26.4
29/08/2024 12:34,8
29/08/2024 12:59,18.7
29/08/2024 14:39,59.4
29/08/2024 14:40,63.8
29/08/2024 15:18,38.5
29/08/2024 15:54,56.1
29/08/2024 15:58,55
29/08/2024 16:00,23.1
29/08/2024 16:12,28.6
29/08/2024 16:14,22
29/08/2024 16:25,19.8
29/08/2024 16:26,8.8
29/08/2024 16:27,16.5
29/08/2024 16:29,83.27
29/08/2024 16:47,51.59
29/08/2024 16:53,39.6
29/08/2024 16:56,29.7
29/08/2024 17:12,29.7
29/08/2024 17:15,16.5
29/08/2024 17:17,70.4
29/08/2024 17:39,64.9
29/08/2024 17:44,19.8
29/08/2024 17:50,25.3
29/08/2024 17:53,31.9
29/08/2024 18:13,30.8
29/08/2024 18:23,29.7
29/08/2024 18:38,59.4
29/08/2024 18:40,47.3
29/08/2024 19:01,14.3
29/08/2024 19:30,72.6
29/08/2024 19:44,45
30/08/2024 07:21,68.2
30/08/2024 07:35,43.89
30/08/2024 07:46,14.3
30/08/2024 07:46,22
30/08/2024 07:49,26.29
30/08/2024 08:34,29.7
30/08/2024 08:49,53.9
30/08/2024 08:57,46.2
30/08/2024 09:28,55
30/08/2024 09:34,73.7
30/08/2024 09:58,9.35
30/08/2024 09:59,25.3
30/08/2024 10:00,28.6
30/08/2024 10:49,14.3
30/08/2024 10:50,15.29
30/08/2024 11:01,16.5
30/08/2024 11:10,23.1
30/08/2024 14:01,27.5
30/08/2024 14:04,52.8
30/08/2024 14:06,16.5
30/08/2024 14:43,16.5
30/08/2024 16:03,40.7
30/08/2024 16:12,48.4
30/08/2024 16:18,74.8
30/08/2024 16:23,16.5
30/08/2024 16:29,43.89
30/08/2024 16:55,36.3
30/08/2024 16:56,12.1
30/08/2024 17:07,72.6
30/08/2024 17:23,29
30/08/2024 17:57,37.4
30/08/2024 17:58,40.7
30/08/2024 17:58,86.9
30/08/2024 18:34,22
30/08/2024 18:36,22
30/08/2024 18:38,71.5
30/08/2024 19:11,55
30/08/2024 19:13,39.6
30/08/2024 19:14,33
31/08/2024 08:20,37.4
31/08/2024 08:21,28.6
31/08/2024 08:35,25.3
31/08/2024 08:36,44.88
31/08/2024 08:48,76.78
31/08/2024 09:02,60
31/08/2024 09:04,51.7
31/08/2024 09:10,31.57
31/08/2024 09:12,62.7
31/08/2024 09:41,31.9
31/08/2024 09:45,95.7
31/08/2024 09:48,41.8
31/08/2024 09:57,33
31/08/2024 10:05,51.7
31/08/2024 10:11,50.49
31/08/2024 10:11,83.49
31/08/2024 10:18,36.19
31/08/2024 10:32,27.5
31/08/2024 10:35,40.59
31/08/2024 10:36,11
31/08/2024 11:24,67.1
31/08/2024 12:48,40.7
31/08/2024 12:49,49.5
31/08/2024 15:44,18.7
31/08/2024 16:42,133.1
31/08/2024 17:05,15.4
31/08/2024 17:19,17.6
31/08/2024 17:49,36.3
31/08/2024 17:52,11
31/08/2024 17:55,18.7
31/08/2024 18:02,63.8
31/08/2024 18:18,22
31/08/2024 19:12,50.49
01/09/2024 07:58,53.68
01/09/2024 08:03,35.2
01/09/2024 08:36,69.3
01/09/2024 09:13,52.8
01/09/2024 09:23,62.7
01/09/2024 09:43,67.1
01/09/2024 09:45,48.4
01/09/2024 09:48,29.48
01/09/2024 10:16,65.78
01/09/2024 10:26,69.08
01/09/2024 10:27,68.09
01/09/2024 10:28,64.68
01/09/2024 10:34,42.9
01/09/2024 10:50,64.9
01/09/2024 11:01,55.77
01/09/2024 11:14,40.59
01/09/2024 11:58,19.8
01/09/2024 12:35,36.3
01/09/2024 12:44,82.5
03/09/2024 07:33,14.3
03/09/2024 08:05,46.2
03/09/2024 08:19,26.4
03/09/2024 08:25,27.39
03/09/2024 08:29,16.5
03/09/2024 08:44,39.6
03/09/2024 08:59,16.5
03/09/2024 09:00,23.1
03/09/2024 09:16,22
03/09/2024 09:17,50.6
03/09/2024 09:18,12.1
03/09/2024 09:26,40.59
03/09/2024 09:29,19.8
03/09/2024 09:33,12.1
03/09/2024 09:45,30.8
03/09/2024 09:59,25.3
03/09/2024 10:07,16.5
03/09/2024 10:08,28.6
03/09/2024 10:09,24.2
03/09/2024 10:11,16.5
03/09/2024 10:37,14
03/09/2024 10:57,24.2
03/09/2024 11:11,12.1
03/09/2024 16:08,24.2
03/09/2024 17:16,84
03/09/2024 17:41,31.9
03/09/2024 17:41,84.7
03/09/2024 17:42,36.3
03/09/2024 17:42,19.8
03/09/2024 17:55,33
03/09/2024 18:05,64.79
03/09/2024 18:23,24.2
03/09/2024 18:24,30.8
03/09/2024 18:24,27.5
03/09/2024 18:25,44
03/09/2024 19:03,45.1
03/09/2024 19:03,26.4
03/09/2024 19:04,36.3
03/09/2024 19:04,58.3
03/09/2024 19:31,14.3
03/09/2024 19:50,38.5
04/09/2024 07:56,7.7
04/09/2024 07:59,8.8
04/09/2024 08:01,30.8
04/09/2024 08:10,58.3
04/09/2024 08:44,22
04/09/2024 08:45,35.2
04/09/2024 08:52,79.2
04/09/2024 09:14,75.79
04/09/2024 09:34,19.8
04/09/2024 09:36,33
04/09/2024 09:37,18.7
04/09/2024 09:38,16.5
04/09/2024 09:39,23.1
04/09/2024 10:39,33
04/09/2024 13:34,27.5
04/09/2024 13:40,20.9
04/09/2024 13:49,37
04/09/2024 15:02,31.9
04/09/2024 15:04,31.9
04/09/2024 15:04,36.3
04/09/2024 15:08,50.6
04/09/2024 15:52,31.9
04/09/2024 16:00,11
04/09/2024 16:45,14.3
04/09/2024 16:45,27.5
04/09/2024 16:46,51.7
04/09/2024 17:36,51.59
04/09/2024 17:37,30.8
04/09/2024 17:38,33
04/09/2024 17:44,34.1
04/09/2024 17:45,7.7
04/09/2024 17:54,48.4
04/09/2024 18:18,30.8
04/09/2024 18:23,6.6
04/09/2024 18:45,59.29
04/09/2024 18:45,57.09
04/09/2024 19:00,33
04/09/2024 19:09,61.6
04/09/2024 19:53,20.9
05/09/2024 07:45,25.3
05/09/2024 07:55,18.7
05/09/2024 08:00,35.09
05/09/2024 08:05,35.09
05/09/2024 08:24,11
05/09/2024 08:55,8.8
05/09/2024 09:30,92.29
05/09/2024 09:31,59.29
05/09/2024 09:34,56.1
05/09/2024 09:47,26.95
05/09/2024 09:48,24.2
05/09/2024 09:48,59.4
05/09/2024 09:49,24.2
05/09/2024 09:49,24.2
05/09/2024 09:55,16.5
05/09/2024 10:03,18.7
05/09/2024 10:06,44
05/09/2024 10:09,18.7
05/09/2024 10:12,13.2
05/09/2024 12:22,25.3
05/09/2024 12:22,24.2
05/09/2024 13:38,28.6
05/09/2024 13:47,71.5
05/09/2024 13:56,23.1
05/09/2024 14:06,16.5
05/09/2024 14:07,22
05/09/2024 14:38,98
05/09/2024 15:06,11
05/09/2024 15:46,42.9
05/09/2024 15:49,51.7
05/09/2024 16:07,49.39
05/09/2024 16:12,30.8
05/09/2024 16:22,26.4
05/09/2024 16:47,19.8
05/09/2024 16:48,16.5
05/09/2024 16:51,26.4
05/09/2024 17:04,29
05/09/2024 17:27,30
05/09/2024 17:27,56.1
05/09/2024 17:28,33
05/09/2024 17:35,23.1
05/09/2024 17:35,25.3
05/09/2024 17:37,61.6
05/09/2024 17:39,30.8
05/09/2024 17:40,121
05/09/2024 17:55,28.6
05/09/2024 17:57,62.7
05/09/2024 18:10,26.4
05/09/2024 18:18,58.3
05/09/2024 18:24,101.2
05/09/2024 18:29,50.6
05/09/2024 18:41,25.3
05/09/2024 18:54,44
05/09/2024 19:04,20.9
05/09/2024 19:04,58.19
05/09/2024 19:05,40.7
05/09/2024 19:06,36.3
05/09/2024 19:18,192
05/09/2024 19:26,65.78
05/09/2024 19:26,47.3
05/09/2024 19:28,47.3
05/09/2024 19:44,68.2
05/09/2024 19:45,57.09
06/09/2024 07:17,18.7
06/09/2024 07:50,16.5
06/09/2024 07:54,31.9
06/09/2024 07:59,19.8
06/09/2024 08:41,55
06/09/2024 08:42,28.6
06/09/2024 09:12,30.8
06/09/2024 09:30,24.2
06/09/2024 09:31,41.8
06/09/2024 09:45,8
06/09/2024 09:55,22
06/09/2024 09:55,16.5
06/09/2024 09:56,28.6
06/09/2024 09:57,25.3
06/09/2024 10:11,19.8
06/09/2024 10:35,20.9
06/09/2024 10:36,16.5
06/09/2024 10:40,107.58
06/09/2024 10:56,8.8
06/09/2024 11:01,18.7
06/09/2024 12:31,83.6
06/09/2024 13:28,25.3
06/09/2024 14:16,43.78
06/09/2024 14:17,44
06/09/2024 14:19,64.9
06/09/2024 14:22,34.1
06/09/2024 15:13,11
06/09/2024 15:24,36.3
06/09/2024 16:59,28.6
06/09/2024 17:05,47.3
06/09/2024 17:35,27.5
06/09/2024 17:52,35.2
06/09/2024 17:56,16.5
06/09/2024 17:57,57.2
06/09/2024 18:08,50.6
06/09/2024 18:28,46.2
06/09/2024 18:29,17.6
06/09/2024 18:29,83.49
06/09/2024 18:30,33
06/09/2024 18:31,34.1
06/09/2024 18:41,67.1
06/09/2024 19:05,22
06/09/2024 19:40,88
07/09/2024 07:07,9.9
07/09/2024 07:34,33
07/09/2024 07:35,14.3
07/09/2024 08:05,8.8
07/09/2024 08:06,28.6
07/09/2024 08:10,45.1
07/09/2024 08:26,41.69
07/09/2024 08:39,16.5
07/09/2024 08:40,52.8
07/09/2024 08:52,23.65
07/09/2024 09:20,117.15
07/09/2024 09:30,55
07/09/2024 09:42,81.4
07/09/2024 09:56,39.6
07/09/2024 09:57,104.28
07/09/2024 10:05,78.1
07/09/2024 10:12,35
07/09/2024 10:12,26.4
07/09/2024 10:13,35.2
07/09/2024 10:24,25.3
07/09/2024 10:25,51.59
07/09/2024 10:27,92.4
07/09/2024 10:40,63.58
07/09/2024 10:40,50.6
07/09/2024 10:46,29.48
07/09/2024 10:51,91.08
07/09/2024 11:14,42.9
07/09/2024 11:26,52.8
07/09/2024 11:41,14.3
07/09/2024 12:13,35.2
07/09/2024 17:16,77
07/09/2024 17:16,55
07/09/2024 17:54,83.6
07/09/2024 18:00,38.5
07/09/2024 18:06,57.2
07/09/2024 18:14,37.29
07/09/2024 18:49,25.3
07/09/2024 18:49,15.4
07/09/2024 19:20,72.6
07/09/2024 19:52,16.5
08/09/2024 08:18,44
08/09/2024 08:19,42.9
08/09/2024 08:24,8.8
08/09/2024 08:25,66.77
08/09/2024 08:27,94.27
08/09/2024 08:38,69.3
08/09/2024 08:46,30.8
08/09/2024 08:56,73.7
08/09/2024 09:05,52.69
08/09/2024 09:16,12.1
08/09/2024 09:16,43.78
08/09/2024 09:16,83.49
08/09/2024 09:38,58.08
08/09/2024 10:00,26.29
08/09/2024 10:04,31.79
08/09/2024 10:14,41.8
08/09/2024 10:15,291.72
08/09/2024 10:34,108.68
08/09/2024 10:40,14.3
08/09/2024 10:40,36.08
08/09/2024 10:49,42.9
08/09/2024 11:06,64.79
08/09/2024 11:30,52.69
08/09/2024 12:47,19.8
10/09/2024 07:43,25.3
10/09/2024 07:51,34.1
10/09/2024 07:52,8.8
10/09/2024 07:52,44
10/09/2024 07:53,20.9
10/09/2024 08:01,24.09
10/09/2024 08:55,16.5
10/09/2024 08:59,19.8
10/09/2024 09:03,19.8
10/09/2024 09:37,28.6
10/09/2024 09:43,19.8
10/09/2024 09:43,19.8
10/09/2024 09:44,97.9
10/09/2024 09:51,39.49
10/09/2024 10:09,70.4
10/09/2024 10:19,12.1
10/09/2024 10:28,20.9
10/09/2024 10:34,27
10/09/2024 12:24,33
10/09/2024 12:31,48
10/09/2024 13:45,27.5
10/09/2024 14:14,63
10/09/2024 14:15,18
10/09/2024 15:14,44
10/09/2024 15:16,41.8
10/09/2024 15:27,22
10/09/2024 15:51,30
10/09/2024 15:55,24.2
10/09/2024 16:00,30.8
10/09/2024 16:11,53.9
10/09/2024 16:32,26.4
10/09/2024 16:39,27.5
10/09/2024 16:39,26.4
10/09/2024 16:46,55
10/09/2024 16:49,105.6
10/09/2024 16:49,37.4
10/09/2024 16:49,27.39
10/09/2024 17:19,41.8
10/09/2024 17:39,27.5
10/09/2024 17:51,29.15
10/09/2024 17:57,50
10/09/2024 17:58,33
10/09/2024 18:08,19.8
10/09/2024 18:10,16.5
10/09/2024 18:58,56.65
10/09/2024 19:21,77.99
11/09/2024 07:19,17.9
11/09/2024 07:44,21.89
11/09/2024 07:44,8.8
11/09/2024 07:45,24.2
11/09/2024 08:21,46.2
11/09/2024 09:37,19.8
11/09/2024 09:57,41.8
11/09/2024 09:58,104.28
11/09/2024 09:58,30.8
11/09/2024 10:01,27.5
11/09/2024 10:02,37.4
11/09/2024 10:11,56.1
11/09/2024 10:29,16.5
11/09/2024 10:30,35.2
11/09/2024 11:07,28.49
11/09/2024 11:08,44
11/09/2024 13:26,36.3
11/09/2024 13:54,39.6
11/09/2024 13:55,16.5
11/09/2024 14:33,39.6
11/09/2024 14:38,34.65
11/09/2024 15:50,38.5
11/09/2024 16:12,25.3
11/09/2024 16:43,29.7
11/09/2024 16:43,66
11/09/2024 17:04,48.4
11/09/2024 17:05,33
11/09/2024 17:06,24.2
11/09/2024 17:31,47.3
11/09/2024 17:31,23.1
11/09/2024 17:35,60.5
11/09/2024 17:36,30.8
11/09/2024 18:24,107.8
11/09/2024 18:35,27.5
12/09/2024 07:35,19.8
12/09/2024 07:51,31.9
12/09/2024 07:54,2.2
12/09/2024 08:23,9.9
12/09/2024 09:23,14.3
12/09/2024 09:24,28.6
12/09/2024 09:25,28.6
12/09/2024 09:58,29.7
12/09/2024 10:09,26.9
12/09/2024 10:54,16.5
12/09/2024 10:59,19.8
12/09/2024 12:36,256
12/09/2024 12:56,16.5
12/09/2024 15:16,25.3
12/09/2024 15:28,72
12/09/2024 15:30,36.3
12/09/2024 15:31,30.8
12/09/2024 16:34,11
12/09/2024 16:34,16.5
12/09/2024 16:35,17.6
12/09/2024 16:35,8.8
12/09/2024 16:36,33
12/09/2024 16:55,22
12/09/2024 16:56,30.8
12/09/2024 16:57,41.8
12/09/2024 16:57,23.1
12/09/2024 17:17,30.8
12/09/2024 17:25,26.4
12/09/2024 17:31,33
12/09/2024 18:00,34
12/09/2024 18:01,27.5
12/09/2024 18:07,61.6
12/09/2024 18:08,61.6
12/09/2024 18:13,33
12/09/2024 18:18,78.1
12/09/2024 18:33,32.34
12/09/2024 18:37,25.3
12/09/2024 19:10,119.35
12/09/2024 19:29,76.8
13/09/2024 07:42,15.4
13/09/2024 08:27,21
13/09/2024 08:37,26.4
13/09/2024 08:42,37.4
13/09/2024 08:43,26.4
13/09/2024 09:24,66
13/09/2024 09:42,27.5
13/09/2024 09:45,28.6
13/09/2024 09:46,28.6
13/09/2024 09:47,33
13/09/2024 10:01,18.7
13/09/2024 10:01,23.1
13/09/2024 10:02,18.7
13/09/2024 10:10,17.6
13/09/2024 10:44,19.8
13/09/2024 10:58,33
13/09/2024 11:00,19.8
13/09/2024 11:36,24.09
13/09/2024 12:01,28.6
13/09/2024 12:29,52.8
13/09/2024 12:44,36.3
13/09/2024 14:51,114.4
13/09/2024 14:56,74.8
13/09/2024 15:43,25.3
13/09/2024 15:53,41.8
13/09/2024 16:07,44
13/09/2024 16:14,46.2
13/09/2024 16:39,36.3
13/09/2024 16:40,19.8
13/09/2024 16:40,39.6
13/09/2024 16:41,63.8
13/09/2024 17:16,41.8
13/09/2024 17:33,57.2
13/09/2024 17:34,17.6
13/09/2024 17:53,48.29
13/09/2024 17:56,27.5
13/09/2024 17:57,43.89
13/09/2024 17:57,32.45
13/09/2024 17:58,26.95
13/09/2024 18:30,18.7
13/09/2024 18:39,66
13/09/2024 19:00,30.8
13/09/2024 19:09,44
13/09/2024 20:27,130.9
14/09/2024 07:35,14.3
14/09/2024 07:51,58.3
14/09/2024 07:55,46.2
14/09/2024 07:59,58.19
14/09/2024 08:05,53.9
14/09/2024 08:10,81.07
14/09/2024 08:20,52.58
14/09/2024 08:26,22
14/09/2024 08:35,94.6
14/09/2024 08:38,33
14/09/2024 08:50,58.3
14/09/2024 08:50,36.3
14/09/2024 08:51,58.19
14/09/2024 08:56,43.89
14/09/2024 08:57,58.19
14/09/2024 09:18,29.48
14/09/2024 09:19,16.39
14/09/2024 09:29,12.1
14/09/2024 09:35,39
14/09/2024 09:36,26.4
14/09/2024 09:40,39.49
14/09/2024 09:40,47.3
14/09/2024 09:41,44
14/09/2024 09:48,30.8
14/09/2024 09:57,31.79
14/09/2024 10:03,14.3
14/09/2024 10:05,63.8
14/09/2024 10:51,30.69
14/09/2024 11:14,29.7
14/09/2024 11:28,24.2
14/09/2024 12:37,93.5
14/09/2024 14:10,27.5
14/09/2024 15:30,38.5
14/09/2024 16:34,65.89
14/09/2024 16:35,8.8
14/09/2024 16:36,3.3
14/09/2024 16:37,14.3
14/09/2024 16:38,12.1
14/09/2024 16:39,61.6
14/09/2024 17:47,84
14/09/2024 18:02,44
14/09/2024 18:03,28.6
14/09/2024 18:09,67.1
14/09/2024 18:11,70.4
14/09/2024 18:11,68
15/09/2024 07:43,49.5
15/09/2024 07:44,28.6
15/09/2024 07:45,23.1
15/09/2024 08:03,14.3
15/09/2024 08:13,8.8
15/09/2024 08:20,59.4
15/09/2024 08:25,51.59
15/09/2024 08:27,36.3
15/09/2024 08:36,64.79
15/09/2024 08:46,50.6
15/09/2024 08:49,26.4
15/09/2024 09:00,28.6
15/09/2024 09:16,108.79
15/09/2024 09:18,39.49
15/09/2024 09:24,35.2
15/09/2024 10:03,58.3
15/09/2024 10:09,63.58
15/09/2024 10:13,52.25
15/09/2024 10:14,39.6
15/09/2024 10:19,47.85
15/09/2024 10:27,53.9
15/09/2024 11:00,77
15/09/2024 11:10,47.3
17/09/2024 07:43,8.8
17/09/2024 07:44,16.5
17/09/2024 07:44,55
17/09/2024 07:57,51.9
17/09/2024 07:57,16
17/09/2024 08:08,24.2
17/09/2024 08:11,17.6
17/09/2024 08:42,29.48
17/09/2024 08:46,30.8
17/09/2024 09:04,10
17/09/2024 09:07,48.4
17/09/2024 09:07,21.89
17/09/2024 09:08,19.8
17/09/2024 09:09,26.4
17/09/2024 09:10,8
17/09/2024 09:18,30
17/09/2024 09:20,33
17/09/2024 09:21,26
17/09/2024 09:25,47.3
17/09/2024 09:25,19.8
17/09/2024 09:26,28.6
17/09/2024 09:31,49.5
17/09/2024 09:32,37.4
17/09/2024 09:36,31.9
17/09/2024 09:36,31.9
17/09/2024 09:39,19.8
17/09/2024 09:50,35.2
17/09/2024 10:13,18
17/09/2024 10:36,470
17/09/2024 10:47,30.8
17/09/2024 10:55,6
17/09/2024 14:51,33
17/09/2024 15:17,53.9
17/09/2024 15:48,31
17/09/2024 16:19,18.7
17/09/2024 16:30,69.3
17/09/2024 17:03,40.7
17/09/2024 17:08,28.6
17/09/2024 17:09,28.6
17/09/2024 17:38,28.6
17/09/2024 17:40,35.2
17/09/2024 17:53,14.3
17/09/2024 18:16,19.8
17/09/2024 18:16,30.8
17/09/2024 18:48,64.9
17/09/2024 19:17,91.3
17/09/2024 19:18,130.57
17/09/2024 19:22,36.3
17/09/2024 19:35,17.05
17/09/2024 19:37,43.89
18/09/2024 17:14,41.8
18/09/2024 17:17,17.6
18/09/2024 17:19,30.8
18/09/2024 17:20,22
18/09/2024 17:20,23.1
18/09/2024 17:25,35.2
18/09/2024 17:27,85.8
18/09/2024 17:31,12.1
18/09/2024 17:32,19.8
18/09/2024 17:33,46.2
18/09/2024 17:35,12.1
18/09/2024 17:39,26.95
18/09/2024 17:40,31.9
18/09/2024 17:42,30.69
18/09/2024 17:47,29.59
18/09/2024 17:52,16.5
18/09/2024 17:59,19.8
18/09/2024 18:18,93.5
18/09/2024 18:19,11
18/09/2024 18:27,50.49
18/09/2024 18:32,23.1
18/09/2024 18:34,26.4
18/09/2024 18:39,46.2
18/09/2024 18:46,51.7
18/09/2024 19:18,27.5
18/09/2024 19:19,16.5
18/09/2024 19:54,70.4
18/09/2024 19:55,41.25
19/09/2024 15:20,37.4
19/09/2024 16:39,31.9
19/09/2024 16:52,19.8
19/09/2024 16:52,8.8
19/09/2024 16:53,16.5
19/09/2024 16:53,39.6
19/09/2024 17:11,67.1
19/09/2024 17:13,8.8
19/09/2024 17:16,11
19/09/2024 17:42,62.7
19/09/2024 17:46,70.4
19/09/2024 17:47,42.9
19/09/2024 17:56,80.3
19/09/2024 17:59,60.5
19/09/2024 18:06,110
19/09/2024 18:07,34.1
19/09/2024 18:19,73
19/09/2024 18:40,49.5
19/09/2024 18:47,70.4
19/09/2024 18:50,138.6
19/09/2024 18:58,25.3
19/09/2024 19:10,61.6
19/09/2024 19:16,19.8
19/09/2024 19:17,52.8
19/09/2024 19:18,37.4
19/09/2024 19:24,48
19/09/2024 19:30,16.5
20/09/2024 08:15,19.8
20/09/2024 08:15,25.3
20/09/2024 08:15,130.79
20/09/2024 08:16,55.99
20/09/2024 08:55,65.89
20/09/2024 09:05,20.79
20/09/2024 09:06,59.4
20/09/2024 09:30,15.4
20/09/2024 09:31,25.19
20/09/2024 09:31,20.9
20/09/2024 09:32,14.3
20/09/2024 09:56,63.69
20/09/2024 10:11,17.6
20/09/2024 11:37,26.4
20/09/2024 11:38,118.8
20/09/2024 11:59,45.1
20/09/2024 13:30,22
20/09/2024 15:25,38.5
20/09/2024 15:44,16.5
20/09/2024 15:56,73.7
20/09/2024 16:00,38.5
20/09/2024 16:31,24.09
20/09/2024 16:34,20.79
20/09/2024 16:37,60.5
20/09/2024 16:40,17.6
20/09/2024 17:01,25.3
20/09/2024 17:11,40.7
20/09/2024 17:16,37.4
20/09/2024 17:34,37.4
20/09/2024 17:34,29.7
20/09/2024 17:38,5.5
20/09/2024 17:40,49.28
20/09/2024 17:42,53.9
20/09/2024 17:57,27.5
20/09/2024 18:02,26.4
20/09/2024 18:05,16.5
20/09/2024 18:24,102.19
20/09/2024 18:40,24.2
20/09/2024 19:19,70.4
20/09/2024 19:23,81.4
20/09/2024 20:08,44
21/09/2024 07:31,17.6
21/09/2024 07:32,67.1
21/09/2024 07:51,32
21/09/2024 07:53,53.24
21/09/2024 08:23,108.9
21/09/2024 08:24,44.99
21/09/2024 08:26,13.2
21/09/2024 08:27,46.2
21/09/2024 08:37,49.39
21/09/2024 08:56,28.6
21/09/2024 09:03,61.49
21/09/2024 09:07,89.1
21/09/2024 09:14,30.8
21/09/2024 09:38,51.59
21/09/2024 09:38,67.1
21/09/2024 09:41,20.79
21/09/2024 09:41,76.89
21/09/2024 09:42,65.78
21/09/2024 09:48,37.29
21/09/2024 10:08,42.9
21/09/2024 10:14,15.4
21/09/2024 10:39,23.1
21/09/2024 10:42,88
21/09/2024 10:47,33
21/09/2024 10:50,64.9
21/09/2024 10:54,42.9
21/09/2024 10:55,60.5
21/09/2024 11:03,72.6
21/09/2024 11:05,55
21/09/2024 11:09,75.35
21/09/2024 11:12,14.3
21/09/2024 11:22,118.8
21/09/2024 16:13,26.95
21/09/2024 16:27,26.4
21/09/2024 16:28,74.47
21/09/2024 17:12,194.7
21/09/2024 18:06,38.5
21/09/2024 18:06,16.5
21/09/2024 18:08,22
21/09/2024 18:22,40.7
21/09/2024 18:26,104.5
21/09/2024 18:35,48.4
21/09/2024 20:06,18.7
24/09/2024 08:00,39.6
24/09/2024 08:50,36.08
24/09/2024 09:32,27.39
24/09/2024 09:44,29.59
24/09/2024 09:58,27.39
24/09/2024 09:59,19.8
24/09/2024 10:01,19.8
24/09/2024 10:02,25.3
24/09/2024 10:31,25.3
24/09/2024 10:31,24.2
24/09/2024 10:32,19.8
24/09/2024 10:32,19.8
24/09/2024 10:34,28.6
24/09/2024 12:04,15
24/09/2024 14:34,25
24/09/2024 14:42,7
24/09/2024 15:43,56.1
24/09/2024 15:51,27.39
24/09/2024 16:58,17.49
24/09/2024 16:58,26.4
24/09/2024 17:36,14.3
24/09/2024 17:37,86.9
24/09/2024 17:39,16.5
24/09/2024 17:47,45.1
24/09/2024 17:55,7.7
24/09/2024 18:05,16.5
24/09/2024 18:16,48.4
24/09/2024 18:18,29.7
24/09/2024 18:18,66
24/09/2024 18:20,27.5
24/09/2024 18:21,64.9
24/09/2024 18:24,14.3
24/09/2024 18:26,59.4
24/09/2024 18:42,46.2
24/09/2024 18:43,25.3
24/09/2024 18:46,46.2
24/09/2024 19:15,40.7
24/09/2024 19:22,93.28
24/09/2024 19:30,11
24/09/2024 19:39,43.89
25/09/2024 07:21,16.5
25/09/2024 07:22,8.8
25/09/2024 07:32,19.8
25/09/2024 07:51,80
25/09/2024 08:09,23.1
25/09/2024 08:10,16.39
25/09/2024 09:09,39.6
25/09/2024 09:32,16.5
25/09/2024 09:32,19.8
25/09/2024 09:40,27.39
25/09/2024 09:41,8.8
25/09/2024 09:42,32.89
25/09/2024 09:42,30.69
25/09/2024 09:43,24.2
25/09/2024 09:48,49.5
25/09/2024 10:02,19.8
25/09/2024 10:42,14.3
25/09/2024 15:02,21
25/09/2024 15:02,16.5
25/09/2024 15:03,16.5
25/09/2024 15:53,31.9
25/09/2024 16:00,19.8
25/09/2024 16:13,35.2
25/09/2024 16:13,17.6
25/09/2024 16:14,41
25/09/2024 16:33,28.6
25/09/2024 16:34,44
25/09/2024 16:35,16.5
25/09/2024 17:06,14.3
25/09/2024 17:25,25.3
25/09/2024 17:44,60.5
25/09/2024 17:46,25.3
25/09/2024 17:47,19.8
25/09/2024 18:12,68.2
25/09/2024 18:36,24.09
25/09/2024 18:36,29.59
25/09/2024 18:47,64.9
25/09/2024 18:48,9.9
25/09/2024 18:56,20.9
25/09/2024 18:57,22
25/09/2024 18:58,22
25/09/2024 18:59,45.1
25/09/2024 19:19,24.2
25/09/2024 19:32,77
25/09/2024 19:34,16.5
25/09/2024 19:47,48.4
25/09/2024 20:24,61.6
26/09/2024 07:38,44.99
26/09/2024 07:40,25.3
26/09/2024 07:43,23.1
26/09/2024 08:09,24.2
26/09/2024 08:16,27.5
26/09/2024 08:16,38.28
26/09/2024 08:30,38.28
26/09/2024 08:43,19.8
26/09/2024 08:46,13.2
26/09/2024 09:00,24.09
26/09/2024 09:16,82.5
26/09/2024 09:21,44
26/09/2024 09:50,12.1
26/09/2024 10:16,19.8
26/09/2024 10:19,11
26/09/2024 10:19,28.6
26/09/2024 10:20,19.8
26/09/2024 10:21,46.09
26/09/2024 10:28,19.8
26/09/2024 10:28,38.39
26/09/2024 10:38,22
26/09/2024 10:58,6.6
26/09/2024 11:14,76
26/09/2024 11:28,13.2
26/09/2024 12:32,25.3
26/09/2024 13:06,41.8
26/09/2024 13:51,34
26/09/2024 14:14,16.5
26/09/2024 17:25,27.5
26/09/2024 17:26,15.4
26/09/2024 17:27,23.1
26/09/2024 17:43,33
26/09/2024 17:45,62.7
26/09/2024 17:47,9.9
26/09/2024 17:48,70.4
26/09/2024 18:06,89.1
26/09/2024 18:06,57.2
26/09/2024 18:07,17.6
26/09/2024 18:16,72.6
26/09/2024 18:16,67.1
26/09/2024 18:21,19.8
26/09/2024 18:25,21.89
26/09/2024 18:44,41.8
26/09/2024 18:51,16.5
26/09/2024 19:00,47.3
26/09/2024 19:31,19.8
27/09/2024 07:53,75.9
27/09/2024 07:57,12.1
27/09/2024 08:10,122.98
27/09/2024 08:21,14.3
27/09/2024 08:42,18.7
27/09/2024 08:43,81.4
27/09/2024 08:44,22
27/09/2024 08:46,39.38
27/09/2024 09:25,51.48
27/09/2024 09:26,29.7
27/09/2024 09:37,33
27/09/2024 13:46,25
27/09/2024 13:48,19.8
27/09/2024 14:11,38.5
27/09/2024 16:30,74.8
27/09/2024 16:47,64.9
27/09/2024 17:06,27.5
27/09/2024 17:06,57.2
27/09/2024 17:10,84.7
27/09/2024 17:21,25.3
27/09/2024 17:22,66
27/09/2024 17:26,29.7
27/09/2024 17:39,59.4
27/09/2024 17:44,25.3
27/09/2024 18:16,25.3
27/09/2024 18:20,36.3
27/09/2024 18:25,47.3
27/09/2024 18:27,84
27/09/2024 18:29,50.49
27/09/2024 18:53,29.7
27/09/2024 19:05,28.6
27/09/2024 19:05,67.1
27/09/2024 19:11,117.7
27/09/2024 19:16,30.8
27/09/2024 19:23,18.59
28/09/2024 08:08,29.59
28/09/2024 08:18,21.45
28/09/2024 08:25,22
28/09/2024 08:26,4.4
28/09/2024 08:26,25.19
28/09/2024 08:58,14.3
28/09/2024 09:12,62.59
28/09/2024 09:26,37.4
28/09/2024 09:27,15.29
28/09/2024 09:29,51.7
28/09/2024 09:31,48.4
28/09/2024 09:55,7.7
28/09/2024 10:15,12.1
28/09/2024 10:15,46.2
28/09/2024 10:24,26.4
28/09/2024 10:48,41.8
28/09/2024 11:02,55
28/09/2024 11:05,48.18
28/09/2024 11:16,75.79
28/09/2024 11:17,61.6
28/09/2024 16:42,55.99
28/09/2024 16:43,36.3
28/09/2024 17:00,71.5
28/09/2024 17:01,91.3
28/09/2024 17:03,57.2
28/09/2024 17:06,44
28/09/2024 17:07,106.7
28/09/2024 17:26,48.4
28/09/2024 17:38,105.6
28/09/2024 17:39,31.9
28/09/2024 17:45,53.9
28/09/2024 17:53,18.7
28/09/2024 18:03,38.39
28/09/2024 18:21,16.5
28/09/2024 18:41,96.8
28/09/2024 19:24,14.3
28/09/2024 19:25,48.4
28/09/2024 19:33,31.9
29/09/2024 07:28,63.69
29/09/2024 07:44,16.5
29/09/2024 07:47,14.3
29/09/2024 08:07,33
29/09/2024 08:20,8.8
29/09/2024 08:20,29.7
29/09/2024 08:23,24.09
29/09/2024 08:25,93.5
29/09/2024 08:41,69.08
29/09/2024 09:03,53.9
29/09/2024 09:10,79.2
29/09/2024 09:11,100.1
29/09/2024 09:13,79.2
29/09/2024 09:49,31.68
29/09/2024 10:06,56.98
29/09/2024 10:07,40.59
29/09/2024 10:09,19.69
29/09/2024 10:18,16.5
29/09/2024 10:18,31.79
29/09/2024 10:30,28.6
29/09/2024 10:31,11
29/09/2024 10:32,39.6
29/09/2024 10:39,6.6
29/09/2024 11:03,61.6
29/09/2024 11:15,44.77
29/09/2024 11:17,51.7
01/10/2024 07:52,68.2
01/10/2024 08:25,16.5
01/10/2024 08:26,36.08
01/10/2024 08:30,44.8
01/10/2024 08:38,46.9
01/10/2024 08:42,10
01/10/2024 09:34,36.9
01/10/2024 10:00,17.6
01/10/2024 10:10,16
02/10/2024 17:23,32.89
02/10/2024 17:31,9.35
02/10/2024 17:31,65.78
02/10/2024 17:33,86.9
02/10/2024 17:35,19.8
02/10/2024 17:35,17.6
02/10/2024 17:36,16.5
02/10/2024 17:36,16.5
02/10/2024 17:37,5.5
02/10/2024 17:48,73.7
02/10/2024 17:51,27.5
02/10/2024 17:51,15.4
02/10/2024 18:03,97.9
02/10/2024 18:30,16.5
02/10/2024 18:47,89.87
02/10/2024 18:52,48.4
02/10/2024 19:05,72.49
02/10/2024 19:05,35.2
02/10/2024 19:19,22
02/10/2024 19:31,35.2
02/10/2024 19:36,11
02/10/2024 19:41,85.8
02/10/2024 19:50,47.3
02/10/2024 20:00,15.4
03/10/2024 07:21,12.9
03/10/2024 07:25,21.9
03/10/2024 07:25,26.29
03/10/2024 07:27,8.8
03/10/2024 07:39,55.88
03/10/2024 08:13,51.7
03/10/2024 08:14,43.78
03/10/2024 08:45,15.4
03/10/2024 08:51,15.4
03/10/2024 09:10,25.19
03/10/2024 09:11,19.8
03/10/2024 09:25,32.89
03/10/2024 09:26,19.8
03/10/2024 10:47,17.6
03/10/2024 10:53,12.1
03/10/2024 10:54,28.49
03/10/2024 13:33,38.5
03/10/2024 14:30,18.7
03/10/2024 14:30,22
03/10/2024 14:30,30.8
03/10/2024 14:31,24.09
03/10/2024 15:25,18.7
03/10/2024 15:34,34.1
03/10/2024 16:53,62.7
03/10/2024 16:53,8.8
03/10/2024 16:54,25.3
03/10/2024 16:55,16.5
03/10/2024 16:55,25.3
03/10/2024 16:56,19.8
03/10/2024 16:57,16.5
03/10/2024 17:01,64.9
03/10/2024 17:02,28.6
03/10/2024 17:04,15.4
03/10/2024 17:06,14.3
03/10/2024 17:37,40.59
03/10/2024 17:38,44
03/10/2024 17:39,42.9
03/10/2024 17:56,31.9
03/10/2024 18:11,29.7
03/10/2024 18:13,71.5
03/10/2024 18:17,51.7
03/10/2024 18:37,169.4
03/10/2024 18:39,61.05
03/10/2024 18:40,36.3
03/10/2024 18:42,18.7
03/10/2024 19:01,53.9
03/10/2024 19:03,69.3
03/10/2024 19:27,62.59
03/10/2024 19:50,106
03/10/2024 19:51,28.6
03/10/2024 19:51,59.4
04/10/2024 08:00,19
04/10/2024 08:00,19.8
04/10/2024 08:22,11
04/10/2024 08:26,12.1
04/10/2024 08:32,34.65
04/10/2024 08:42,31.9
04/10/2024 08:45,17
04/10/2024 08:53,16.5
04/10/2024 09:06,33
04/10/2024 09:07,72.6
04/10/2024 09:11,60.28
04/10/2024 09:22,18.59
04/10/2024 09:30,41.69
04/10/2024 09:31,35.09
04/10/2024 09:32,23.1
04/10/2024 09:35,9.9
04/10/2024 09:35,18.7
04/10/2024 09:45,15.4
04/10/2024 10:19,20
04/10/2024 10:42,34.1
04/10/2024 10:42,20.9
04/10/2024 10:44,35.09
04/10/2024 10:54,30.8
04/10/2024 11:14,31.9
04/10/2024 12:49,30.8
04/10/2024 13:25,18.59
04/10/2024 13:59,15.95
04/10/2024 13:59,24.75
04/10/2024 16:11,74.8
04/10/2024 16:11,39.6
04/10/2024 16:12,61.6
04/10/2024 16:45,23.1
04/10/2024 17:06,27.5
04/10/2024 17:13,31.9
04/10/2024 17:27,27.5
04/10/2024 17:29,28.6
04/10/2024 17:36,108.9
04/10/2024 17:40,58.3
04/10/2024 17:41,23.1
04/10/2024 17:42,29.7
04/10/2024 18:02,24
04/10/2024 18:04,91.3
04/10/2024 18:21,25.3
04/10/2024 18:49,51.7
04/10/2024 18:52,18
04/10/2024 18:53,36.3
04/10/2024 19:06,88
04/10/2024 19:16,16.5
04/10/2024 19:50,9.9
05/10/2024 07:42,14.3
05/10/2024 07:45,39.6
05/10/2024 08:20,19.8
05/10/2024 08:27,54.89
05/10/2024 08:27,62.59
05/10/2024 08:29,25.3
05/10/2024 08:40,20.9
05/10/2024 08:56,60.5
05/10/2024 09:07,53.79
05/10/2024 09:10,42.68
05/10/2024 09:11,40.7
05/10/2024 09:19,52.58
05/10/2024 09:30,47.19
05/10/2024 09:31,29.48
05/10/2024 09:38,58.3
05/10/2024 09:45,68.2
05/10/2024 09:49,125.4
05/10/2024 09:52,37.4
05/10/2024 10:02,36.08
05/10/2024 10:05,23.1
05/10/2024 10:06,44.88
05/10/2024 10:07,81.4
05/10/2024 10:22,56.1
05/10/2024 10:30,57.75
05/10/2024 10:37,86.79
05/10/2024 10:55,64.79
05/10/2024 11:14,28.6
05/10/2024 13:07,73.59
05/10/2024 15:35,16.5
05/10/2024 15:37,88
05/10/2024 15:57,55
05/10/2024 16:26,19.8
05/10/2024 16:28,25.3
05/10/2024 16:31,25.3
05/10/2024 17:05,39.6
05/10/2024 17:11,34.1
05/10/2024 17:42,6.6
05/10/2024 17:45,3.3
05/10/2024 17:57,5.5
05/10/2024 18:07,18.7
05/10/2024 18:07,18.7
05/10/2024 18:08,46.2
05/10/2024 18:33,23.1
05/10/2024 19:23,33
06/10/2024 07:41,24.09
06/10/2024 07:41,42.9
06/10/2024 07:56,8.8
06/10/2024 07:56,16.5
06/10/2024 08:11,51.59
06/10/2024 08:11,25.3
06/10/2024 08:28,35.2
06/10/2024 08:40,34.1
06/10/2024 08:54,11
06/10/2024 09:00,44.88
06/10/2024 09:01,53.79
06/10/2024 09:05,69.19
06/10/2024 09:11,46.2
06/10/2024 09:21,35.09
06/10/2024 09:22,34.1
06/10/2024 09:43,45.1
06/10/2024 09:45,58.08
06/10/2024 10:04,16.5
06/10/2024 10:18,50.6
06/10/2024 10:20,54.89
06/10/2024 10:30,72.6
06/10/2024 13:12,16.5
08/10/2024 07:38,46.2
08/10/2024 07:40,44
08/10/2024 08:03,8.8
08/10/2024 08:03,61.6
08/10/2024 08:04,19.8
08/10/2024 08:36,51.59
08/10/2024 09:05,60
08/10/2024 09:09,63.58
08/10/2024 09:13,55.88
08/10/2024 09:37,19.8
08/10/2024 09:40,63.58
08/10/2024 10:12,19.8
08/10/2024 10:12,22
08/10/2024 10:17,27.5
08/10/2024 10:17,22
08/10/2024 10:29,33
08/10/2024 14:00,58.3
08/10/2024 14:49,30.8
08/10/2024 15:28,24
08/10/2024 15:36,77
08/10/2024 15:37,32.89
08/10/2024 15:38,13.2
08/10/2024 16:06,60.39
08/10/2024 16:13,26.4
08/10/2024 16:30,41.8
08/10/2024 16:31,27.39
08/10/2024 16:43,25.19
08/10/2024 16:59,41.8
08/10/2024 17:00,29.59
08/10/2024 17:01,11
08/10/2024 17:01,12.1
08/10/2024 17:05,56.1
08/10/2024 17:14,51.7
08/10/2024 17:14,61.6
08/10/2024 17:24,58.3
08/10/2024 17:29,14.3
08/10/2024 17:30,15.4
08/10/2024 17:31,25
08/10/2024 17:35,33
08/10/2024 17:53,75.9
08/10/2024 17:53,19.8
08/10/2024 17:54,61.6
08/10/2024 18:08,16.5
08/10/2024 18:10,63.8
08/10/2024 18:15,75.9
08/10/2024 18:29,69.3
08/10/2024 18:51,60.5
08/10/2024 19:12,18.7
08/10/2024 19:15,19.8
08/10/2024 19:36,78.1
09/10/2024 08:08,16.5
09/10/2024 08:09,14.3
09/10/2024 08:10,14.3
09/10/2024 08:50,31.9
09/10/2024 08:53,20.9
09/10/2024 09:21,24
09/10/2024 09:22,32.89
09/10/2024 09:22,39.49
09/10/2024 09:55,17.6
09/10/2024 09:56,22
09/10/2024 09:57,23.1
09/10/2024 09:58,19.8
09/10/2024 10:03,26.4
09/10/2024 10:22,8.8
09/10/2024 10:29,11
09/10/2024 12:57,36.19
09/10/2024 13:26,37.4
09/10/2024 13:27,20.9
09/10/2024 15:36,24.2
09/10/2024 15:36,6.6
09/10/2024 16:10,12.1
09/10/2024 16:10,24.2
09/10/2024 16:10,69.3
09/10/2024 16:13,50.6
09/10/2024 16:17,36.19
09/10/2024 16:18,12.1
09/10/2024 16:19,16.5
09/10/2024 16:22,8.8
09/10/2024 17:16,69.3
09/10/2024 17:18,21.89
09/10/2024 17:29,45.1
09/10/2024 17:33,46.2
09/10/2024 17:33,52.8
09/10/2024 17:36,18.7
09/10/2024 17:49,6.6
09/10/2024 17:58,40.7
09/10/2024 18:02,16.5
09/10/2024 18:03,16.5
09/10/2024 18:03,18.7
09/10/2024 18:04,50.6
09/10/2024 18:15,28.6
09/10/2024 18:30,50.6
09/10/2024 18:31,25.3
09/10/2024 18:42,50.49
09/10/2024 18:47,71.39
09/10/2024 18:51,22
09/10/2024 18:54,7.7
09/10/2024 18:56,48.4
09/10/2024 19:02,25.3
09/10/2024 19:12,48.4
09/10/2024 19:13,16.5
09/10/2024 19:13,33
09/10/2024 19:45,19.8
10/10/2024 07:30,11
10/10/2024 07:49,28.6
10/10/2024 07:50,20.9
10/10/2024 07:58,31.9
10/10/2024 08:17,40.48
10/10/2024 08:27,67.1
10/10/2024 08:27,16.39
10/10/2024 08:30,8.8
10/10/2024 08:31,97.9
10/10/2024 08:48,24.2
10/10/2024 09:01,14.3
10/10/2024 09:10,52.8
10/10/2024 09:45,19.8
10/10/2024 09:46,19.8
10/10/2024 09:53,19.8
10/10/2024 09:53,16.5
10/10/2024 10:44,28.6
10/10/2024 10:50,6.6
10/10/2024 10:51,16.5
10/10/2024 11:14,25.19
10/10/2024 12:22,74.8
10/10/2024 12:40,23
10/10/2024 12:40,55
10/10/2024 13:13,17.49
10/10/2024 13:29,32.89
10/10/2024 13:30,9.9
10/10/2024 13:32,14.3
10/10/2024 13:34,16.5
10/10/2024 13:34,30.8
10/10/2024 15:00,20.79
10/10/2024 15:18,38.39
10/10/2024 15:42,28.6
10/10/2024 15:51,16.5
10/10/2024 15:54,28.6
10/10/2024 16:12,46.09
10/10/2024 16:19,46.09
10/10/2024 16:28,38.5
10/10/2024 16:54,35
10/10/2024 16:59,16.5
10/10/2024 17:03,98.89
10/10/2024 17:13,55
10/10/2024 17:17,52.8
10/10/2024 17:18,16.5
10/10/2024 17:19,16.5
10/10/2024 17:22,41.8
10/10/2024 17:29,19.8
10/10/2024 17:30,19.8
10/10/2024 17:35,33
10/10/2024 17:35,13.2
10/10/2024 17:40,28.6
10/10/2024 18:07,35.2
10/10/2024 18:10,67.1
10/10/2024 18:11,28.6
10/10/2024 18:12,8.8
10/10/2024 18:26,16.5
10/10/2024 18:30,66
10/10/2024 18:31,74.8
10/10/2024 18:43,85.8
10/10/2024 19:07,87
10/10/2024 19:10,48.4
10/10/2024 19:12,16.5
10/10/2024 19:21,23.1
10/10/2024 19:26,93.5
10/10/2024 19:41,42.9
11/10/2024 08:01,15.4
11/10/2024 08:07,6.6
11/10/2024 08:18,61.38
11/10/2024 08:21,18.59
11/10/2024 08:21,26.4
11/10/2024 08:22,32.89
11/10/2024 08:23,19.8
11/10/2024 08:45,39.6
11/10/2024 08:50,31.79
11/10/2024 09:00,19.69
11/10/2024 09:26,18.7
11/10/2024 09:28,36.3
11/10/2024 09:36,25.3
11/10/2024 09:37,22
11/10/2024 09:45,20.9
11/10/2024 09:45,19.8
11/10/2024 09:50,37.4
11/10/2024 09:50,26.4
11/10/2024 09:51,8.8
11/10/2024 10:54,25.3
11/10/2024 11:09,37.4
11/10/2024 13:31,25.3
11/10/2024 13:37,27.5
11/10/2024 15:09,50.6
11/10/2024 15:34,37.4
11/10/2024 16:10,31.9
11/10/2024 16:33,148.5
11/10/2024 16:36,32.78
11/10/2024 16:36,25.3
11/10/2024 17:11,77
11/10/2024 17:15,46.2
11/10/2024 17:27,30.8
11/10/2024 17:59,12.1
11/10/2024 18:00,39.6
11/10/2024 18:01,24.2
11/10/2024 18:14,41.8
11/10/2024 18:20,3.3
11/10/2024 18:21,12.1
11/10/2024 19:06,8.8
11/10/2024 19:19,33
11/10/2024 19:55,57.09
11/10/2024 20:07,47.3
11/10/2024 20:10,34.1
12/10/2024 08:27,65.89
12/10/2024 08:30,70.07
12/10/2024 08:43,57.2
12/10/2024 08:48,37.29
12/10/2024 09:09,15.4
12/10/2024 09:15,5.5
12/10/2024 09:15,16.5
12/10/2024 09:15,68.2
12/10/2024 09:22,105.6
12/10/2024 09:23,18.7
12/10/2024 09:28,42.9
12/10/2024 09:35,46.2
12/10/2024 09:44,68.09
12/10/2024 09:46,86.46
12/10/2024 09:58,57.2
12/10/2024 10:06,23
12/10/2024 10:09,47.3
12/10/2024 10:10,55.99
12/10/2024 10:34,59.18
12/10/2024 10:39,29.7
12/10/2024 10:40,57.2
12/10/2024 10:47,105.49
12/10/2024 11:05,41.8
12/10/2024 11:08,69.3
12/10/2024 11:10,56.98
12/10/2024 11:10,24.2
12/10/2024 11:19,45.1
12/10/2024 12:59,94.6
12/10/2024 13:00,22
12/10/2024 14:27,29.7
12/10/2024 15:45,48.4
12/10/2024 17:46,80.3
12/10/2024 17:51,54.89
12/10/2024 17:52,35.2
12/10/2024 17:55,49.5
12/10/2024 18:23,79.2
13/10/2024 07:40,20.9
13/10/2024 08:05,16.5
13/10/2024 08:06,53.9
13/10/2024 08:17,41.8
13/10/2024 08:21,84.7
13/10/2024 09:04,15.4
13/10/2024 09:05,53.68
13/10/2024 09:05,49.17
13/10/2024 09:42,20.9
13/10/2024 09:42,26.4
13/10/2024 10:00,16.5
13/10/2024 10:01,37.4
13/10/2024 10:10,38.5
13/10/2024 10:14,23.1
13/10/2024 10:31,57.09
13/10/2024 10:35,84.7
13/10/2024 10:36,26.4
13/10/2024 10:36,43.78
13/10/2024 10:37,45.1
13/10/2024 10:41,19.69
13/10/2024 11:32,29.7
13/10/2024 12:09,90
15/10/2024 08:37,23.1
15/10/2024 08:37,23.1
15/10/2024 08:37,8.8
15/10/2024 08:38,42.68
15/10/2024 08:40,17.6
15/10/2024 08:41,12.1
15/10/2024 08:52,23.1
15/10/2024 08:52,17.6
15/10/2024 09:03,14.3
15/10/2024 09:03,32.89
15/10/2024 09:08,66
15/10/2024 09:43,22
15/10/2024 09:44,25.3
15/10/2024 09:45,22
15/10/2024 09:46,30.69
15/10/2024 10:01,73.7
15/10/2024 10:02,39.49
15/10/2024 10:43,11
15/10/2024 10:44,8.8
15/10/2024 10:44,14.3
15/10/2024 10:49,36.3
15/10/2024 10:50,35.2
15/10/2024 10:52,18.7
15/10/2024 14:58,29.7
15/10/2024 15:56,12.1
15/10/2024 16:19,35
15/10/2024 16:37,16.5
15/10/2024 16:39,30.8
15/10/2024 16:42,22
15/10/2024 16:51,45.1
15/10/2024 16:52,13.2
15/10/2024 16:52,33
15/10/2024 17:12,19.8
15/10/2024 17:15,58.3
15/10/2024 17:18,64.9
15/10/2024 17:24,40.7
15/10/2024 17:25,37.4
15/10/2024 17:38,84.7
15/10/2024 17:40,19.69
15/10/2024 17:53,36.3
15/10/2024 17:55,95.7
15/10/2024 17:57,29.7
15/10/2024 18:08,83.6
15/10/2024 18:26,65
15/10/2024 18:32,8.8
15/10/2024 18:53,90.2
15/10/2024 18:54,30.8
15/10/2024 19:14,68.75
16/10/2024 10:56,88.88
16/10/2024 10:56,46.09
16/10/2024 11:16,66.88
16/10/2024 11:17,42.79
16/10/2024 11:21,15.4
16/10/2024 11:52,30.69
16/10/2024 11:53,20.35
16/10/2024 11:54,18.15
16/10/2024 11:56,37.29
16/10/2024 11:58,36.19
16/10/2024 12:01,53.68
16/10/2024 12:02,40.7
16/10/2024 12:05,49.5
16/10/2024 12:36,33.99
16/10/2024 12:37,81.4
16/10/2024 13:48,78.1
16/10/2024 14:21,19.8
16/10/2024 14:26,28.05
16/10/2024 14:27,14.85
16/10/2024 15:32,36.3
16/10/2024 16:56,12.1
16/10/2024 16:56,59.4
16/10/2024 16:57,19.8
16/10/2024 16:57,16.5
16/10/2024 16:57,26.4
16/10/2024 17:05,40.7
16/10/2024 17:05,104.28
16/10/2024 17:08,13.2
16/10/2024 17:09,20.9
16/10/2024 17:10,28.49
16/10/2024 17:17,16.5
16/10/2024 17:19,61.9
16/10/2024 17:27,44
16/10/2024 17:41,50.38
16/10/2024 18:03,49.5
16/10/2024 18:03,27.5
16/10/2024 18:04,53.9
16/10/2024 18:16,75.35
16/10/2024 18:39,293
16/10/2024 18:42,37.4
16/10/2024 18:48,308
16/10/2024 18:59,30.8
16/10/2024 19:26,92.4
16/10/2024 20:11,18.5
16/10/2024 20:36,52.8
17/10/2024 08:04,41.8
17/10/2024 08:05,11.99
17/10/2024 08:06,17.6
17/10/2024 08:09,77.88
17/10/2024 08:19,29.48
17/10/2024 08:20,37.4
17/10/2024 08:21,27.5
17/10/2024 08:28,20.9
17/10/2024 08:38,9.9
17/10/2024 08:41,39.6
17/10/2024 08:42,33
17/10/2024 08:43,8.8
17/10/2024 08:47,24.2
17/10/2024 08:59,50.6
17/10/2024 09:18,29.59
17/10/2024 09:21,18.7
17/10/2024 09:29,30.69
17/10/2024 09:30,22
17/10/2024 09:30,19.8
17/10/2024 09:33,25.3
17/10/2024 09:34,22
17/10/2024 09:44,60.39
17/10/2024 10:03,5.5
17/10/2024 10:04,29.59
17/10/2024 10:16,24.2
17/10/2024 10:18,50.6
17/10/2024 10:19,19.8
17/10/2024 10:34,19.8
17/10/2024 10:49,18.59
17/10/2024 10:50,27.39
17/10/2024 10:52,16.5
17/10/2024 11:39,72.38
17/10/2024 12:36,36.3
17/10/2024 12:46,16.5
17/10/2024 12:47,20.9
17/10/2024 13:29,31.9
17/10/2024 14:00,48.4
17/10/2024 15:28,17.6
17/10/2024 15:34,99
17/10/2024 15:53,5.5
17/10/2024 16:02,26.4
17/10/2024 16:03,8.8
17/10/2024 16:05,23
17/10/2024 16:31,13.2
17/10/2024 16:48,16.5
17/10/2024 16:49,22
17/10/2024 16:50,17.6
17/10/2024 16:50,8.8
17/10/2024 16:57,44
17/10/2024 16:59,38.5
17/10/2024 17:01,55
17/10/2024 17:07,49.5
17/10/2024 17:31,308
17/10/2024 17:44,48.4
17/10/2024 17:57,157.3
17/10/2024 18:10,45.1
17/10/2024 18:12,16.5
17/10/2024 18:18,30.8
17/10/2024 18:19,16.5
17/10/2024 18:50,44
17/10/2024 18:51,53.9
17/10/2024 18:54,19.8
17/10/2024 18:55,44
17/10/2024 19:05,30.8
17/10/2024 19:15,15.4
18/10/2024 07:29,23.1
18/10/2024 07:40,8.8
18/10/2024 07:40,27.5
18/10/2024 07:41,14.3
18/10/2024 07:41,12.1
18/10/2024 07:54,8.8
18/10/2024 07:56,20.9
18/10/2024 08:25,22
18/10/2024 08:26,22.99
18/10/2024 08:47,13.2
18/10/2024 09:02,87.89
18/10/2024 09:02,19.8
18/10/2024 09:14,16.5
18/10/2024 09:14,28.6
18/10/2024 09:15,17.6
18/10/2024 09:34,32.89
18/10/2024 09:35,22
18/10/2024 09:37,58.3
18/10/2024 09:41,11
18/10/2024 10:00,39.38
18/10/2024 10:05,73.37
18/10/2024 10:25,48.18
18/10/2024 10:47,16.5
18/10/2024 10:48,8.8
18/10/2024 10:51,8.8
18/10/2024 11:13,8.8
18/10/2024 12:09,27.5
18/10/2024 13:20,30
18/10/2024 14:23,66
18/10/2024 15:42,8.8
18/10/2024 15:42,11
18/10/2024 15:48,13.2
18/10/2024 15:48,55
18/10/2024 16:07,15.4
18/10/2024 16:31,16.5
18/10/2024 16:42,26.4
18/10/2024 16:42,17.6
18/10/2024 16:43,16.5
18/10/2024 16:50,57.2
18/10/2024 16:55,19.25
18/10/2024 16:55,15.4
18/10/2024 17:42,33
18/10/2024 18:17,55
18/10/2024 18:50,115.81
18/10/2024 18:53,42.35
18/10/2024 18:55,28.6
19/10/2024 07:13,15
19/10/2024 07:19,11
19/10/2024 07:19,49.5
19/10/2024 07:36,12.1
19/10/2024 07:47,30.8
19/10/2024 08:01,56.1
19/10/2024 08:02,14.3
19/10/2024 08:25,39.6
19/10/2024 08:26,121
19/10/2024 08:38,31.9
19/10/2024 08:42,11.99
19/10/2024 08:44,21.9
19/10/2024 08:49,70.4
19/10/2024 08:53,20.9
19/10/2024 08:54,67.1
19/10/2024 08:56,8.69
19/10/2024 08:57,19.8
19/10/2024 08:59,41.47
19/10/2024 09:08,19.8
19/10/2024 09:08,113.19
19/10/2024 09:12,44.88
19/10/2024 09:22,22
19/10/2024 09:23,12.1
19/10/2024 09:23,66
19/10/2024 09:25,59.18
19/10/2024 09:26,83.27
19/10/2024 09:29,15.4
19/10/2024 09:42,22
19/10/2024 09:44,33
19/10/2024 09:51,11
19/10/2024 09:51,60.98
19/10/2024 09:53,36.08
19/10/2024 10:05,28.6
19/10/2024 10:23,18.7
19/10/2024 10:27,62.7
19/10/2024 10:33,53.9
19/10/2024 10:36,68.2
19/10/2024 11:24,28.6
19/10/2024 11:47,28.6
19/10/2024 11:47,30.8
19/10/2024 12:20,36.3
19/10/2024 14:02,33
19/10/2024 15:14,59.4
19/10/2024 15:34,19.8
19/10/2024 16:43,83.6
19/10/2024 16:44,46.2
19/10/2024 16:56,42.9
19/10/2024 17:21,30.8
19/10/2024 17:47,16.5
19/10/2024 17:47,28.6
19/10/2024 18:26,51.96
19/10/2024 19:22,101.2
20/10/2024 07:53,23.1
20/10/2024 08:17,82.39
20/10/2024 08:17,36.3
20/10/2024 08:20,52.8
20/10/2024 08:23,61.49
20/10/2024 08:30,118.8
20/10/2024 08:59,144.98
20/10/2024 09:10,36.3
20/10/2024 09:19,37.29
20/10/2024 09:29,61.6
20/10/2024 09:29,48.18
20/10/2024 09:43,71.39
20/10/2024 10:15,27.39
20/10/2024 10:43,40.59
20/10/2024 10:45,29.7
20/10/2024 10:53,79.2
20/10/2024 10:55,74.47
20/10/2024 11:20,51.7
20/10/2024 11:55,23.1
20/10/2024 12:20,91.85
22/10/2024 07:21,44
22/10/2024 07:41,19.8
22/10/2024 07:42,13.2
22/10/2024 08:06,57.09
22/10/2024 08:15,59.18
22/10/2024 08:21,32.78
22/10/2024 08:41,8.8
22/10/2024 09:10,17.6
22/10/2024 09:31,25.3
22/10/2024 09:34,15.4
22/10/2024 09:48,44.55
22/10/2024 09:49,15.4
22/10/2024 10:03,8.8
22/10/2024 10:16,8.8
22/10/2024 10:17,25.3
22/10/2024 10:18,19.8
22/10/2024 10:18,12.1
22/10/2024 10:18,16.5
22/10/2024 10:19,19.8
22/10/2024 10:20,27.5
22/10/2024 10:21,25.3
22/10/2024 10:21,28.6
22/10/2024 10:27,33
22/10/2024 12:05,550
22/10/2024 12:06,550
22/10/2024 12:10,550
22/10/2024 14:04,20.9
22/10/2024 14:21,11
22/10/2024 15:06,31.9
22/10/2024 15:55,39.6
22/10/2024 15:55,20.9
22/10/2024 16:22,25.08
22/10/2024 17:20,58.19
22/10/2024 17:57,61.6
22/10/2024 18:00,16.5
22/10/2024 18:10,20.9
22/10/2024 18:34,44
22/10/2024 18:46,69.3
22/10/2024 18:49,25.3
23/10/2024 07:20,19.8
23/10/2024 07:21,45.1
23/10/2024 08:05,8.8
23/10/2024 08:05,8.8
23/10/2024 08:06,37.4
23/10/2024 08:19,59.18
23/10/2024 08:26,28.6
23/10/2024 08:35,94.38
23/10/2024 08:56,42.9
23/10/2024 09:06,19.69
23/10/2024 09:07,5.5
23/10/2024 09:43,77.99
23/10/2024 09:45,30.8
23/10/2024 10:35,48.29
23/10/2024 11:02,33
23/10/2024 12:43,19.8
23/10/2024 12:43,36.3
23/10/2024 12:49,25.5
23/10/2024 14:51,20.9
23/10/2024 15:00,30.8
23/10/2024 15:37,16.5
23/10/2024 15:38,57.2
23/10/2024 15:40,18.7
23/10/2024 16:22,58.19
23/10/2024 16:24,14.3
23/10/2024 16:25,27.5
23/10/2024 16:40,34.1
23/10/2024 16:46,67.45
23/10/2024 16:52,28.6
23/10/2024 17:01,53.8
23/10/2024 17:10,41.8
23/10/2024 17:10,25.3
23/10/2024 17:52,16
23/10/2024 17:54,8
23/10/2024 18:06,33
23/10/2024 18:13,16.5
23/10/2024 18:22,26.4
23/10/2024 18:34,23.1
23/10/2024 18:35,16.5
23/10/2024 18:37,64.9
23/10/2024 18:39,37.29
23/10/2024 18:44,22
23/10/2024 18:45,18
23/10/2024 18:52,19.8
23/10/2024 19:39,53.9
24/10/2024 07:28,92.07
24/10/2024 07:41,37.4
24/10/2024 07:45,17.6
24/10/2024 08:13,29.48
24/10/2024 08:18,27.5
24/10/2024 08:19,41.58
24/10/2024 08:43,24.09
24/10/2024 08:50,57.2
24/10/2024 08:55,25.3
24/10/2024 08:56,37.29
24/10/2024 09:09,38.93
24/10/2024 09:46,17.6
24/10/2024 09:47,27.5
24/10/2024 09:47,25.3
24/10/2024 09:50,14.3
24/10/2024 09:58,16.5
24/10/2024 10:08,46.2
24/10/2024 10:26,8.8
24/10/2024 10:26,29.15
24/10/2024 10:27,16.5
24/10/2024 10:28,25.3
24/10/2024 10:30,7.7
24/10/2024 10:57,56.32
24/10/2024 10:57,23.1
24/10/2024 10:58,29.48
24/10/2024 11:39,17.6
24/10/2024 13:04,48.4
24/10/2024 13:07,20.79
24/10/2024 13:14,27.5
24/10/2024 14:05,13
24/10/2024 15:41,33
24/10/2024 15:43,30.8
24/10/2024 16:27,45.1
24/10/2024 16:29,68.09
24/10/2024 16:47,30.8
24/10/2024 16:52,46.2
24/10/2024 16:52,67.1
24/10/2024 16:54,24.2
24/10/2024 17:04,30.8
24/10/2024 17:07,53.9
24/10/2024 17:19,16.5
24/10/2024 17:28,27.5
24/10/2024 17:52,16.5
24/10/2024 17:56,31.9
24/10/2024 17:58,17.6
24/10/2024 18:06,102.19
24/10/2024 18:17,59.28
24/10/2024 18:20,25.73
24/10/2024 18:37,34.1
24/10/2024 18:37,16.5
24/10/2024 18:38,20.9
24/10/2024 18:48,47.3
24/10/2024 19:10,54.38
24/10/2024 19:16,28.6
24/10/2024 19:18,19.8
24/10/2024 19:30,41.8
24/10/2024 19:40,60.5
25/10/2024 07:20,107.25
25/10/2024 07:39,29.7
25/10/2024 07:39,22
25/10/2024 07:45,34.1
25/10/2024 07:46,37.29
25/10/2024 07:59,47
25/10/2024 08:05,24.09
25/10/2024 08:05,50.6
25/10/2024 08:25,41.8
25/10/2024 08:25,59.4
25/10/2024 08:57,16.5
25/10/2024 08:58,25.19
25/10/2024 09:13,204.6
25/10/2024 09:27,52.58
25/10/2024 09:34,44
25/10/2024 09:39,30.8
25/10/2024 09:40,19.8
25/10/2024 09:40,17.6
25/10/2024 09:42,25.3
25/10/2024 09:55,16.5
25/10/2024 10:18,15.4
25/10/2024 10:31,16.5
25/10/2024 10:45,24.2
25/10/2024 12:29,33
25/10/2024 12:39,14.9
25/10/2024 13:31,29.7
25/10/2024 13:40,61.6
25/10/2024 13:51,35
25/10/2024 14:26,5.5
25/10/2024 14:29,28.49
25/10/2024 14:50,18.7
25/10/2024 16:45,62.7
25/10/2024 16:57,16.5
25/10/2024 16:57,63.8
25/10/2024 17:14,55
25/10/2024 17:21,14.3
25/10/2024 17:33,14.3
25/10/2024 17:49,18.7
25/10/2024 17:50,39.05
25/10/2024 18:33,8.8
25/10/2024 18:42,77
25/10/2024 18:52,42.9
25/10/2024 19:02,36.3
25/10/2024 19:04,36.3
25/10/2024 19:55,35.2
26/10/2024 07:37,11
26/10/2024 07:38,14.3
26/10/2024 08:02,50.27
26/10/2024 08:03,43.89
26/10/2024 08:04,52.58
26/10/2024 08:17,24.2
26/10/2024 08:18,11
26/10/2024 08:20,20.9
26/10/2024 08:34,36.3
26/10/2024 08:39,148.5
26/10/2024 09:02,28.6
26/10/2024 09:05,42.68
26/10/2024 09:08,60.28
26/10/2024 09:14,87.89
26/10/2024 09:14,59.18
26/10/2024 09:16,75.57
26/10/2024 09:36,100.1
26/10/2024 09:41,54.08
26/10/2024 09:52,6.6
26/10/2024 09:54,33.53
26/10/2024 09:58,12.1
26/10/2024 10:27,76.89
26/10/2024 10:28,100.87
26/10/2024 10:45,39.6
26/10/2024 10:51,23.1
26/10/2024 11:58,34.1
26/10/2024 14:29,42.9
26/10/2024 14:36,36.3
26/10/2024 14:42,30.8
26/10/2024 15:22,19.8
26/10/2024 15:31,35.2
26/10/2024 15:33,11
26/10/2024 15:46,17.25
26/10/2024 15:47,62.7
26/10/2024 16:10,28
26/10/2024 16:11,59.29
26/10/2024 16:18,25.3
26/10/2024 16:20,31.9
26/10/2024 16:36,113.3
26/10/2024 16:40,48
26/10/2024 16:46,27
26/10/2024 16:50,38
26/10/2024 17:04,66
26/10/2024 17:28,17.6
26/10/2024 17:29,80.48
26/10/2024 17:36,34.1
26/10/2024 17:44,33
26/10/2024 17:45,30.8
26/10/2024 17:45,19.8
26/10/2024 18:12,76
26/10/2024 18:20,49.5
26/10/2024 18:21,138.6
26/10/2024 18:40,16.5
26/10/2024 18:56,90.09
27/10/2024 07:33,47
27/10/2024 07:50,19.8
27/10/2024 07:50,48.4
27/10/2024 07:55,17.6
27/10/2024 07:56,23.1
27/10/2024 07:56,50.6
27/10/2024 08:24,39.6
27/10/2024 08:34,46.09
27/10/2024 08:39,39.6
27/10/2024 08:50,36.19
27/10/2024 08:57,94.49
27/10/2024 09:08,59.29
27/10/2024 09:13,95.37
27/10/2024 09:19,117.7
27/10/2024 09:24,53.9
27/10/2024 09:31,55.88
27/10/2024 09:33,44.88
27/10/2024 09:34,53.9
27/10/2024 09:35,85.47
27/10/2024 09:40,37.4
27/10/2024 09:49,16.5
27/10/2024 09:58,33.99
27/10/2024 10:00,73.57
27/10/2024 10:11,48.4
27/10/2024 10:25,72.6
27/10/2024 10:26,50.6
27/10/2024 10:33,174.46
27/10/2024 10:54,56.1
27/10/2024 10:56,26.83
27/10/2024 10:57,78.1
27/10/2024 11:15,16.5
27/10/2024 11:35,36.08
29/10/2024 07:18,19.8
29/10/2024 08:15,34.1
29/10/2024 08:16,41.69
29/10/2024 08:38,8.8
29/10/2024 08:42,6.6
29/10/2024 08:45,45.1
29/10/2024 08:54,21.89
29/10/2024 08:58,19.8
29/10/2024 09:00,25.3
29/10/2024 09:09,43.89
29/10/2024 09:10,80.08
29/10/2024 09:30,14.3
29/10/2024 09:30,50.49
29/10/2024 10:12,11
29/10/2024 10:20,28.6
29/10/2024 10:20,23.1
29/10/2024 10:20,28.49
29/10/2024 12:43,50.6
29/10/2024 14:01,11
29/10/2024 16:01,62.7
29/10/2024 16:11,31.9
29/10/2024 16:28,42.9
29/10/2024 16:41,25.3
29/10/2024 16:53,24.2
29/10/2024 16:54,11
29/10/2024 16:55,25.3
29/10/2024 17:18,107.69
29/10/2024 17:19,29.59
29/10/2024 17:20,8
29/10/2024 17:22,35.2
29/10/2024 17:24,9.9
29/10/2024 17:31,41.8
29/10/2024 17:33,30.69
29/10/2024 17:34,8.8
29/10/2024 17:39,18
29/10/2024 17:55,18.7
29/10/2024 17:56,58.3
29/10/2024 17:57,61.6
29/10/2024 17:58,25.3
29/10/2024 18:03,77
29/10/2024 18:12,22.99
29/10/2024 18:12,16.5
29/10/2024 18:29,75.02
29/10/2024 18:30,45.1
29/10/2024 18:40,17.6
29/10/2024 18:46,49.5
29/10/2024 19:29,27.5
29/10/2024 19:30,36.3
29/10/2024 19:43,41.8
29/10/2024 19:46,59.4
30/10/2024 07:28,30.8
30/10/2024 07:28,56.1
30/10/2024 07:37,19.8
30/10/2024 07:46,80
30/10/2024 07:59,12.1
30/10/2024 08:10,622.65
30/10/2024 08:11,672.65
30/10/2024 08:26,11
30/10/2024 08:54,22
30/10/2024 09:27,29.7
30/10/2024 09:27,31.9
30/10/2024 09:28,18.7
30/10/2024 09:28,17.6
30/10/2024 09:40,8.8
30/10/2024 09:40,8.8
30/10/2024 09:42,25.3
30/10/2024 09:44,14.3
30/10/2024 09:45,8.8
30/10/2024 09:45,16.5
30/10/2024 09:59,28.49
30/10/2024 10:00,17.6
30/10/2024 10:01,16.5
30/10/2024 10:01,17.49
30/10/2024 10:04,26.4
30/10/2024 10:07,18.7
30/10/2024 10:25,33
30/10/2024 10:25,12.1
30/10/2024 10:38,23.1
30/10/2024 10:39,16.5
30/10/2024 10:47,15.4
30/10/2024 11:25,17.6
30/10/2024 12:08,96.8
30/10/2024 12:11,29.7
30/10/2024 13:06,93
30/10/2024 13:56,36.3
30/10/2024 14:46,27.5
30/10/2024 15:08,44
30/10/2024 15:10,19.8
30/10/2024 15:19,15.4
30/10/2024 15:45,90.2
30/10/2024 15:56,72.6
30/10/2024 16:04,18.7
30/10/2024 16:47,31.9
30/10/2024 16:49,93.28
30/10/2024 16:58,26.4
30/10/2024 16:59,33.99
30/10/2024 16:59,14.19
30/10/2024 17:04,9.9
30/10/2024 17:08,24.6
30/10/2024 17:42,47.3
30/10/2024 17:43,44
30/10/2024 17:47,17.6
30/10/2024 18:05,68.2
30/10/2024 18:42,53.9
30/10/2024 19:17,14.3
30/10/2024 19:18,19.8
30/10/2024 19:27,34.1
31/10/2024 07:53,39.6
31/10/2024 07:54,17.6
31/10/2024 08:33,16.5
31/10/2024 09:02,34.1
31/10/2024 09:02,24.09
31/10/2024 09:03,25.3
31/10/2024 09:04,26.29
31/10/2024 09:19,37.4
31/10/2024 09:21,22
31/10/2024 10:26,39.6
31/10/2024 10:30,17.6
31/10/2024 10:36,27.5
31/10/2024 10:36,87.67
31/10/2024 10:40,54.89
31/10/2024 11:06,37.4
31/10/2024 11:32,16.5
31/10/2024 12:40,18.7
31/10/2024 13:11,22.8
31/10/2024 13:13,84
31/10/2024 13:43,17.6
31/10/2024 14:09,79.2
31/10/2024 14:24,9.9
31/10/2024 14:42,36.3
31/10/2024 15:26,25.3
31/10/2024 15:34,41.8
31/10/2024 15:35,30.8
31/10/2024 17:14,11
31/10/2024 17:14,64.35
31/10/2024 17:18,26
31/10/2024 17:29,48.4
31/10/2024 17:30,37.4
31/10/2024 17:33,113.3
31/10/2024 17:35,16.5
31/10/2024 17:48,221.1
31/10/2024 18:05,42.9
31/10/2024 18:27,28.6
31/10/2024 18:30,39.6
31/10/2024 18:31,58.3
31/10/2024 18:34,36.3
31/10/2024 18:35,39.6
31/10/2024 19:16,16.5
31/10/2024 19:17,16.5
31/10/2024 19:17,11
01/11/2024 07:15,23.1
01/11/2024 07:30,20.9
01/11/2024 07:42,31.9
01/11/2024 07:56,61.6
